ID,Vehicles
20170701001,79
20170701002,28
20170701003,36
20170701004,10
20170701011,70
20170701012,25
20170701013,26
20170701014,8
20170701021,59
20170701022,24
20170701023,17
20170701024,6
20170701031,49
20170701032,20
20170701033,12
20170701034,6
20170701041,42
20170701042,17
20170701043,8
20170701044,6
20170701051,39
20170701052,17
20170701053,8
20170701054,6
20170701061,44
20170701062,17
20170701063,10
20170701064,6
20170701071,47
20170701072,19
20170701073,11
20170701074,6
20170701081,55
20170701082,20
20170701083,12
20170701084,7
20170701091,61
20170701092,23
20170701093,14
20170701094,8
20170701101,68
20170701102,26
20170701103,16
20170701104,10
20170701111,82
20170701112,27
20170701113,19
20170701114,11
20170701121,89
20170701122,28
20170701123,21
20170701124,12
20170701131,75
20170701132,30
20170701133,22
20170701134,13
20170701141,83
20170701142,31
20170701143,23
20170701144,13
20170701151,86
20170701152,30
20170701153,26
20170701154,13
20170701161,85
20170701162,30
20170701163,27
20170701164,13
20170701171,84
20170701172,30
20170701173,27
20170701174,13
20170701181,86
20170701182,31
20170701183,28
20170701184,13
20170701191,89
20170701192,31
20170701193,28
20170701194,13
20170701201,77
20170701202,31
20170701203,27
20170701204,13
20170701211,77
20170701212,30
20170701213,27
20170701214,13
20170701221,76
20170701222,30
20170701223,27
20170701224,12
20170701231,75
20170701232,29
20170701233,27
20170701234,12
20170702001,70
20170702002,28
20170702003,26
20170702004,9
20170702011,60
20170702012,24
20170702013,22
20170702014,7
20170702021,52
20170702022,21
20170702023,15
20170702024,6
20170702031,46
20170702032,18
20170702033,12
20170702034,5
20170702041,40
20170702042,15
20170702043,8
20170702044,5
20170702051,36
20170702052,15
20170702053,8
20170702054,5
20170702061,39
20170702062,16
20170702063,8
20170702064,5
20170702071,44
20170702072,18
20170702073,10
20170702074,6
20170702081,47
20170702082,19
20170702083,11
20170702084,7
20170702091,55
20170702092,22
20170702093,13
20170702094,8
20170702101,60
20170702102,25
20170702103,14
20170702104,9
20170702111,64
20170702112,26
20170702113,16
20170702114,10
20170702121,61
20170702122,27
20170702123,18
20170702124,10
20170702131,57
20170702132,28
20170702133,18
20170702134,10
20170702141,57
20170702142,28
20170702143,18
20170702144,10
20170702151,57
20170702152,28
20170702153,18
20170702154,10
20170702161,57
20170702162,28
20170702163,18
20170702164,10
20170702171,58
20170702172,28
20170702173,18
20170702174,10
20170702181,60
20170702182,28
20170702183,18
20170702184,10
20170702191,62
20170702192,28
20170702193,18
20170702194,10
20170702201,62
20170702202,28
20170702203,18
20170702204,10
20170702211,61
20170702212,28
20170702213,18
20170702214,10
20170702221,61
20170702222,28
20170702223,18
20170702224,10
20170702231,61
20170702232,28
20170702233,18
20170702234,10
20170703001,63
20170703002,28
20170703003,16
20170703004,8
20170703011,55
20170703012,25
20170703013,15
20170703014,6
20170703021,48
20170703022,22
20170703023,12
20170703024,5
20170703031,42
20170703032,18
20170703033,10
20170703034,5
20170703041,37
20170703042,16
20170703043,8
20170703044,5
20170703051,33
20170703052,17
20170703053,8
20170703054,5
20170703061,39
20170703062,18
20170703063,8
20170703064,5
20170703071,47
20170703072,20
20170703073,10
20170703074,5
20170703081,54
20170703082,22
20170703083,10
20170703084,7
20170703091,66
20170703092,25
20170703093,12
20170703094,8
20170703101,82
20170703102,28
20170703103,15
20170703104,10
20170703111,91
20170703112,30
20170703113,17
20170703114,11
20170703121,90
20170703122,30
20170703123,20
20170703124,11
20170703131,87
20170703132,29
20170703133,19
20170703134,11
20170703141,86
20170703142,29
20170703143,19
20170703144,11
20170703151,85
20170703152,29
20170703153,19
20170703154,11
20170703161,85
20170703162,29
20170703163,19
20170703164,11
20170703171,85
20170703172,29
20170703173,19
20170703174,11
20170703181,86
20170703182,29
20170703183,19
20170703184,11
20170703191,86
20170703192,29
20170703193,19
20170703194,11
20170703201,85
20170703202,29
20170703203,19
20170703204,11
20170703211,84
20170703212,29
20170703213,19
20170703214,11
20170703221,83
20170703222,29
20170703223,19
20170703224,11
20170703231,80
20170703232,29
20170703233,19
20170703234,11
20170704001,73
20170704002,28
20170704003,15
20170704004,9
20170704011,61
20170704012,25
20170704013,12
20170704014,6
20170704021,52
20170704022,22
20170704023,10
20170704024,5
20170704031,45
20170704032,18
20170704033,8
20170704034,5
20170704041,38
20170704042,16
20170704043,8
20170704044,5
20170704051,36
20170704052,16
20170704053,8
20170704054,5
20170704061,40
20170704062,17
20170704063,8
20170704064,5
20170704071,47
20170704072,20
20170704073,9
20170704074,5
20170704081,55
20170704082,23
20170704083,10
20170704084,7
20170704091,63
20170704092,26
20170704093,12
20170704094,8
20170704101,78
20170704102,28
20170704103,15
20170704104,9
20170704111,90
20170704112,30
20170704113,17
20170704114,10
20170704121,88
20170704122,30
20170704123,19
20170704124,11
20170704131,85
20170704132,30
20170704133,18
20170704134,11
20170704141,87
20170704142,30
20170704143,26
20170704144,11
20170704151,85
20170704152,30
20170704153,24
20170704154,11
20170704161,85
20170704162,30
20170704163,23
20170704164,11
20170704171,85
20170704172,30
20170704173,21
20170704174,11
20170704181,86
20170704182,30
20170704183,20
20170704184,11
20170704191,86
20170704192,30
20170704193,19
20170704194,11
20170704201,85
20170704202,30
20170704203,18
20170704204,11
20170704211,84
20170704212,30
20170704213,18
20170704214,11
20170704221,83
20170704222,30
20170704223,18
20170704224,11
20170704231,80
20170704232,30
20170704233,18
20170704234,11
20170705001,74
20170705002,28
20170705003,15
20170705004,9
20170705011,62
20170705012,25
20170705013,11
20170705014,6
20170705021,53
20170705022,22
20170705023,9
20170705024,5
20170705031,45
20170705032,18
20170705033,8
20170705034,5
20170705041,38
20170705042,16
20170705043,8
20170705044,5
20170705051,36
20170705052,16
20170705053,8
20170705054,5
20170705061,40
20170705062,17
20170705063,8
20170705064,5
20170705071,46
20170705072,20
20170705073,9
20170705074,5
20170705081,55
20170705082,23
20170705083,10
20170705084,7
20170705091,62
20170705092,26
20170705093,12
20170705094,8
20170705101,76
20170705102,28
20170705103,15
20170705104,9
20170705111,90
20170705112,31
20170705113,17
20170705114,10
20170705121,87
20170705122,30
20170705123,19
20170705124,11
20170705131,84
20170705132,30
20170705133,18
20170705134,11
20170705141,87
20170705142,30
20170705143,19
20170705144,11
20170705151,85
20170705152,30
20170705153,19
20170705154,11
20170705161,85
20170705162,30
20170705163,20
20170705164,11
20170705171,85
20170705172,30
20170705173,19
20170705174,11
20170705181,86
20170705182,31
20170705183,18
20170705184,11
20170705191,86
20170705192,31
20170705193,19
20170705194,11
20170705201,85
20170705202,31
20170705203,18
20170705204,11
20170705211,84
20170705212,30
20170705213,17
20170705214,11
20170705221,83
20170705222,30
20170705223,17
20170705224,11
20170705231,80
20170705232,30
20170705233,17
20170705234,11
20170706001,74
20170706002,29
20170706003,15
20170706004,9
20170706011,62
20170706012,25
20170706013,11
20170706014,6
20170706021,53
20170706022,22
20170706023,8
20170706024,5
20170706031,45
20170706032,18
20170706033,7
20170706034,5
20170706041,38
20170706042,16
20170706043,7
20170706044,5
20170706051,36
20170706052,16
20170706053,7
20170706054,5
20170706061,40
20170706062,17
20170706063,7
20170706064,5
20170706071,46
20170706072,20
20170706073,8
20170706074,5
20170706081,55
20170706082,23
20170706083,9
20170706084,7
20170706091,62
20170706092,26
20170706093,12
20170706094,8
20170706101,76
20170706102,28
20170706103,15
20170706104,9
20170706111,91
20170706112,31
20170706113,16
20170706114,10
20170706121,87
20170706122,30
20170706123,18
20170706124,11
20170706131,84
20170706132,30
20170706133,17
20170706134,11
20170706141,87
20170706142,30
20170706143,21
20170706144,11
20170706151,85
20170706152,30
20170706153,19
20170706154,11
20170706161,84
20170706162,30
20170706163,18
20170706164,11
20170706171,84
20170706172,30
20170706173,21
20170706174,11
20170706181,84
20170706182,31
20170706183,19
20170706184,11
20170706191,84
20170706192,31
20170706193,18
20170706194,11
20170706201,84
20170706202,31
20170706203,17
20170706204,11
20170706211,83
20170706212,30
20170706213,17
20170706214,11
20170706221,80
20170706222,30
20170706223,17
20170706224,11
20170706231,78
20170706232,30
20170706233,17
20170706234,11
20170707001,73
20170707002,29
20170707003,15
20170707004,9
20170707011,61
20170707012,25
20170707013,11
20170707014,6
20170707021,53
20170707022,21
20170707023,8
20170707024,5
20170707031,45
20170707032,17
20170707033,7
20170707034,5
20170707041,38
20170707042,15
20170707043,7
20170707044,5
20170707051,36
20170707052,15
20170707053,7
20170707054,5
20170707061,40
20170707062,17
20170707063,7
20170707064,5
20170707071,46
20170707072,19
20170707073,8
20170707074,5
20170707081,55
20170707082,22
20170707083,9
20170707084,7
20170707091,62
20170707092,24
20170707093,12
20170707094,8
20170707101,75
20170707102,27
20170707103,14
20170707104,9
20170707111,87
20170707112,29
20170707113,15
20170707114,10
20170707121,87
20170707122,30
20170707123,17
20170707124,10
20170707131,84
20170707132,30
20170707133,17
20170707134,11
20170707141,86
20170707142,30
20170707143,18
20170707144,11
20170707151,84
20170707152,30
20170707153,17
20170707154,11
20170707161,83
20170707162,30
20170707163,17
20170707164,11
20170707171,81
20170707172,30
20170707173,18
20170707174,11
20170707181,80
20170707182,30
20170707183,18
20170707184,11
20170707191,80
20170707192,30
20170707193,17
20170707194,11
20170707201,79
20170707202,30
20170707203,16
20170707204,11
20170707211,78
20170707212,30
20170707213,16
20170707214,11
20170707221,77
20170707222,30
20170707223,16
20170707224,11
20170707231,75
20170707232,30
20170707233,16
20170707234,11
20170708001,67
20170708002,28
20170708003,14
20170708004,9
20170708011,57
20170708012,24
20170708013,10
20170708014,6
20170708021,49
20170708022,20
20170708023,8
20170708024,5
20170708031,42
20170708032,17
20170708033,7
20170708034,5
20170708041,37
20170708042,15
20170708043,7
20170708044,5
20170708051,32
20170708052,15
20170708053,7
20170708054,5
20170708061,36
20170708062,16
20170708063,7
20170708064,5
20170708071,39
20170708072,18
20170708073,8
20170708074,5
20170708081,45
20170708082,19
20170708083,9
20170708084,7
20170708091,53
20170708092,22
20170708093,11
20170708094,8
20170708101,57
20170708102,25
20170708103,12
20170708104,9
20170708111,65
20170708112,27
20170708113,14
20170708114,10
20170708121,63
20170708122,28
20170708123,15
20170708124,10
20170708131,59
20170708132,28
20170708133,16
20170708134,10
20170708141,58
20170708142,28
20170708143,16
20170708144,10
20170708151,58
20170708152,28
20170708153,16
20170708154,10
20170708161,57
20170708162,28
20170708163,16
20170708164,10
20170708171,57
20170708172,28
20170708173,16
20170708174,10
20170708181,58
20170708182,28
20170708183,16
20170708184,10
20170708191,61
20170708192,28
20170708193,16
20170708194,10
20170708201,61
20170708202,28
20170708203,16
20170708204,10
20170708211,61
20170708212,28
20170708213,15
20170708214,10
20170708221,61
20170708222,28
20170708223,15
20170708224,10
20170708231,60
20170708232,28
20170708233,15
20170708234,10
20170709001,53
20170709002,27
20170709003,13
20170709004,8
20170709011,46
20170709012,23
20170709013,10
20170709014,6
20170709021,39
20170709022,19
20170709023,8
20170709024,5
20170709031,34
20170709032,16
20170709033,6
20170709034,5
20170709041,30
20170709042,14
20170709043,6
20170709044,5
20170709051,28
20170709052,13
20170709053,6
20170709054,5
20170709061,30
20170709062,14
20170709063,6
20170709064,5
20170709071,32
20170709072,15
20170709073,7
20170709074,5
20170709081,36
20170709082,18
20170709083,8
20170709084,7
20170709091,42
20170709092,20
20170709093,11
20170709094,8
20170709101,48
20170709102,24
20170709103,11
20170709104,9
20170709111,56
20170709112,27
20170709113,12
20170709114,10
20170709121,56
20170709122,28
20170709123,13
20170709124,10
20170709131,56
20170709132,28
20170709133,14
20170709134,10
20170709141,56
20170709142,28
20170709143,13
20170709144,10
20170709151,56
20170709152,28
20170709153,13
20170709154,10
20170709161,56
20170709162,28
20170709163,13
20170709164,10
20170709171,56
20170709172,28
20170709173,13
20170709174,10
20170709181,56
20170709182,28
20170709183,13
20170709184,10
20170709191,57
20170709192,28
20170709193,13
20170709194,10
20170709201,58
20170709202,28
20170709203,13
20170709204,10
20170709211,58
20170709212,28
20170709213,13
20170709214,10
20170709221,58
20170709222,28
20170709223,13
20170709224,10
20170709231,58
20170709232,28
20170709233,13
20170709234,10
20170710001,53
20170710002,27
20170710003,12
20170710004,8
20170710011,45
20170710012,24
20170710013,10
20170710014,6
20170710021,39
20170710022,21
20170710023,8
20170710024,5
20170710031,34
20170710032,18
20170710033,6
20170710034,5
20170710041,30
20170710042,16
20170710043,6
20170710044,5
20170710051,31
20170710052,16
20170710053,6
20170710054,5
20170710061,33
20170710062,18
20170710063,6
20170710064,5
20170710071,39
20170710072,20
20170710073,7
20170710074,5
20170710081,47
20170710082,22
20170710083,8
20170710084,7
20170710091,54
20170710092,25
20170710093,11
20170710094,8
20170710101,68
20170710102,28
20170710103,12
20170710104,10
20170710111,78
20170710112,30
20170710113,14
20170710114,11
20170710121,78
20170710122,30
20170710123,15
20170710124,11
20170710131,77
20170710132,29
20170710133,15
20170710134,11
20170710141,76
20170710142,29
20170710143,15
20170710144,11
20170710151,75
20170710152,29
20170710153,15
20170710154,11
20170710161,74
20170710162,29
20170710163,15
20170710164,11
20170710171,73
20170710172,29
20170710173,15
20170710174,11
20170710181,73
20170710182,29
20170710183,15
20170710184,11
20170710191,73
20170710192,29
20170710193,15
20170710194,11
20170710201,72
20170710202,29
20170710203,15
20170710204,11
20170710211,70
20170710212,29
20170710213,15
20170710214,11
20170710221,67
20170710222,29
20170710223,15
20170710224,11
20170710231,66
20170710232,29
20170710233,15
20170710234,11
20170711001,61
20170711002,28
20170711003,12
20170711004,9
20170711011,52
20170711012,25
20170711013,10
20170711014,6
20170711021,45
20170711022,22
20170711023,8
20170711024,5
20170711031,38
20170711032,18
20170711033,6
20170711034,5
20170711041,34
20170711042,16
20170711043,6
20170711044,5
20170711051,32
20170711052,16
20170711053,6
20170711054,5
20170711061,37
20170711062,17
20170711063,6
20170711064,5
20170711071,41
20170711072,20
20170711073,7
20170711074,5
20170711081,47
20170711082,23
20170711083,8
20170711084,7
20170711091,56
20170711092,26
20170711093,11
20170711094,8
20170711101,65
20170711102,28
20170711103,12
20170711104,9
20170711111,71
20170711112,30
20170711113,14
20170711114,10
20170711121,73
20170711122,30
20170711123,15
20170711124,11
20170711131,73
20170711132,30
20170711133,15
20170711134,11
20170711141,73
20170711142,30
20170711143,15
20170711144,11
20170711151,73
20170711152,30
20170711153,15
20170711154,11
20170711161,72
20170711162,30
20170711163,15
20170711164,11
20170711171,72
20170711172,30
20170711173,15
20170711174,11
20170711181,72
20170711182,30
20170711183,14
20170711184,11
20170711191,72
20170711192,30
20170711193,15
20170711194,11
20170711201,71
20170711202,30
20170711203,14
20170711204,11
20170711211,68
20170711212,30
20170711213,15
20170711214,11
20170711221,67
20170711222,30
20170711223,14
20170711224,11
20170711231,67
20170711232,30
20170711233,14
20170711234,11
20170712001,62
20170712002,28
20170712003,12
20170712004,9
20170712011,53
20170712012,25
20170712013,10
20170712014,6
20170712021,45
20170712022,22
20170712023,8
20170712024,5
20170712031,38
20170712032,18
20170712033,6
20170712034,5
20170712041,34
20170712042,16
20170712043,6
20170712044,5
20170712051,32
20170712052,16
20170712053,6
20170712054,5
20170712061,37
20170712062,17
20170712063,6
20170712064,5
20170712071,41
20170712072,20
20170712073,7
20170712074,5
20170712081,47
20170712082,23
20170712083,8
20170712084,7
20170712091,56
20170712092,26
20170712093,11
20170712094,8
20170712101,63
20170712102,28
20170712103,12
20170712104,9
20170712111,72
20170712112,31
20170712113,14
20170712114,10
20170712121,71
20170712122,30
20170712123,15
20170712124,11
20170712131,68
20170712132,30
20170712133,14
20170712134,11
20170712141,70
20170712142,30
20170712143,14
20170712144,11
20170712151,70
20170712152,30
20170712153,14
20170712154,11
20170712161,69
20170712162,30
20170712163,14
20170712164,11
20170712171,69
20170712172,30
20170712173,14
20170712174,11
20170712181,70
20170712182,31
20170712183,14
20170712184,11
20170712191,70
20170712192,31
20170712193,14
20170712194,11
20170712201,68
20170712202,30
20170712203,14
20170712204,11
20170712211,67
20170712212,30
20170712213,14
20170712214,11
20170712221,67
20170712222,30
20170712223,14
20170712224,11
20170712231,67
20170712232,30
20170712233,14
20170712234,11
20170713001,61
20170713002,28
20170713003,12
20170713004,9
20170713011,53
20170713012,25
20170713013,10
20170713014,6
20170713021,45
20170713022,22
20170713023,8
20170713024,5
20170713031,38
20170713032,18
20170713033,6
20170713034,5
20170713041,34
20170713042,16
20170713043,6
20170713044,5
20170713051,32
20170713052,16
20170713053,6
20170713054,5
20170713061,37
20170713062,17
20170713063,6
20170713064,5
20170713071,41
20170713072,20
20170713073,7
20170713074,5
20170713081,47
20170713082,23
20170713083,8
20170713084,7
20170713091,56
20170713092,26
20170713093,11
20170713094,8
20170713101,63
20170713102,28
20170713103,12
20170713104,9
20170713111,71
20170713112,31
20170713113,14
20170713114,10
20170713121,68
20170713122,30
20170713123,14
20170713124,11
20170713131,65
20170713132,30
20170713133,14
20170713134,11
20170713141,67
20170713142,30
20170713143,14
20170713144,11
20170713151,68
20170713152,30
20170713153,14
20170713154,11
20170713161,68
20170713162,30
20170713163,14
20170713164,11
20170713171,68
20170713172,30
20170713173,14
20170713174,11
20170713181,68
20170713182,31
20170713183,14
20170713184,11
20170713191,68
20170713192,31
20170713193,14
20170713194,11
20170713201,67
20170713202,30
20170713203,14
20170713204,11
20170713211,67
20170713212,30
20170713213,14
20170713214,11
20170713221,67
20170713222,30
20170713223,14
20170713224,11
20170713231,66
20170713232,30
20170713233,14
20170713234,11
20170714001,60
20170714002,28
20170714003,12
20170714004,9
20170714011,52
20170714012,25
20170714013,10
20170714014,6
20170714021,44
20170714022,21
20170714023,8
20170714024,5
20170714031,37
20170714032,17
20170714033,6
20170714034,5
20170714041,32
20170714042,15
20170714043,6
20170714044,5
20170714051,30
20170714052,15
20170714053,6
20170714054,5
20170714061,33
20170714062,17
20170714063,6
20170714064,5
20170714071,38
20170714072,19
20170714073,7
20170714074,5
20170714081,44
20170714082,22
20170714083,8
20170714084,7
20170714091,49
20170714092,24
20170714093,11
20170714094,8
20170714101,59
20170714102,27
20170714103,12
20170714104,9
20170714111,70
20170714112,30
20170714113,13
20170714114,10
20170714121,67
20170714122,30
20170714123,13
20170714124,10
20170714131,64
20170714132,30
20170714133,13
20170714134,11
20170714141,64
20170714142,30
20170714143,13
20170714144,11
20170714151,64
20170714152,30
20170714153,13
20170714154,11
20170714161,64
20170714162,30
20170714163,13
20170714164,11
20170714171,64
20170714172,30
20170714173,13
20170714174,11
20170714181,63
20170714182,30
20170714183,13
20170714184,11
20170714191,63
20170714192,30
20170714193,13
20170714194,11
20170714201,62
20170714202,30
20170714203,13
20170714204,11
20170714211,61
20170714212,30
20170714213,13
20170714214,11
20170714221,60
20170714222,30
20170714223,13
20170714224,11
20170714231,60
20170714232,30
20170714233,13
20170714234,11
20170715001,54
20170715002,28
20170715003,11
20170715004,9
20170715011,46
20170715012,24
20170715013,9
20170715014,6
20170715021,40
20170715022,20
20170715023,8
20170715024,5
20170715031,35
20170715032,17
20170715033,6
20170715034,5
20170715041,30
20170715042,15
20170715043,6
20170715044,5
20170715051,27
20170715052,15
20170715053,6
20170715054,5
20170715061,29
20170715062,16
20170715063,6
20170715064,5
20170715071,32
20170715072,18
20170715073,7
20170715074,5
20170715081,36
20170715082,19
20170715083,8
20170715084,7
20170715091,41
20170715092,22
20170715093,10
20170715094,8
20170715101,48
20170715102,25
20170715103,11
20170715104,9
20170715111,56
20170715112,27
20170715113,11
20170715114,10
20170715121,56
20170715122,28
20170715123,11
20170715124,10
20170715131,56
20170715132,28
20170715133,11
20170715134,10
20170715141,56
20170715142,28
20170715143,11
20170715144,10
20170715151,56
20170715152,28
20170715153,11
20170715154,10
20170715161,56
20170715162,28
20170715163,11
20170715164,10
20170715171,56
20170715172,28
20170715173,11
20170715174,10
20170715181,57
20170715182,28
20170715183,11
20170715184,10
20170715191,58
20170715192,28
20170715193,11
20170715194,10
20170715201,59
20170715202,28
20170715203,11
20170715204,10
20170715211,59
20170715212,28
20170715213,11
20170715214,10
20170715221,58
20170715222,28
20170715223,11
20170715224,10
20170715231,58
20170715232,28
20170715233,11
20170715234,10
20170716001,51
20170716002,27
20170716003,9
20170716004,8
20170716011,43
20170716012,23
20170716013,7
20170716014,6
20170716021,37
20170716022,19
20170716023,7
20170716024,5
20170716031,32
20170716032,16
20170716033,6
20170716034,5
20170716041,28
20170716042,14
20170716043,6
20170716044,5
20170716051,26
20170716052,13
20170716053,6
20170716054,5
20170716061,28
20170716062,14
20170716063,6
20170716064,5
20170716071,31
20170716072,15
20170716073,7
20170716074,5
20170716081,34
20170716082,18
20170716083,8
20170716084,7
20170716091,41
20170716092,20
20170716093,9
20170716094,8
20170716101,47
20170716102,24
20170716103,10
20170716104,9
20170716111,55
20170716112,27
20170716113,10
20170716114,10
20170716121,55
20170716122,28
20170716123,10
20170716124,10
20170716131,55
20170716132,28
20170716133,10
20170716134,10
20170716141,56
20170716142,28
20170716143,10
20170716144,10
20170716151,56
20170716152,28
20170716153,10
20170716154,10
20170716161,56
20170716162,28
20170716163,10
20170716164,10
20170716171,56
20170716172,28
20170716173,10
20170716174,10
20170716181,56
20170716182,28
20170716183,10
20170716184,10
20170716191,56
20170716192,28
20170716193,10
20170716194,10
20170716201,56
20170716202,28
20170716203,10
20170716204,10
20170716211,56
20170716212,28
20170716213,10
20170716214,10
20170716221,56
20170716222,28
20170716223,10
20170716224,10
20170716231,55
20170716232,28
20170716233,10
20170716234,10
20170717001,48
20170717002,27
20170717003,8
20170717004,8
20170717011,41
20170717012,24
20170717013,6
20170717014,6
20170717021,37
20170717022,21
20170717023,6
20170717024,5
20170717031,33
20170717032,18
20170717033,6
20170717034,5
20170717041,30
20170717042,16
20170717043,6
20170717044,5
20170717051,31
20170717052,16
20170717053,6
20170717054,5
20170717061,33
20170717062,18
20170717063,6
20170717064,5
20170717071,39
20170717072,20
20170717073,7
20170717074,5
20170717081,47
20170717082,22
20170717083,8
20170717084,7
20170717091,54
20170717092,25
20170717093,9
20170717094,8
20170717101,68
20170717102,28
20170717103,10
20170717104,10
20170717111,79
20170717112,30
20170717113,11
20170717114,11
20170717121,77
20170717122,30
20170717123,12
20170717124,11
20170717131,75
20170717132,29
20170717133,12
20170717134,11
20170717141,74
20170717142,29
20170717143,13
20170717144,11
20170717151,73
20170717152,29
20170717153,13
20170717154,11
20170717161,72
20170717162,29
20170717163,13
20170717164,11
20170717171,72
20170717172,29
20170717173,13
20170717174,11
20170717181,72
20170717182,29
20170717183,13
20170717184,11
20170717191,72
20170717192,29
20170717193,13
20170717194,11
20170717201,71
20170717202,29
20170717203,13
20170717204,11
20170717211,69
20170717212,29
20170717213,13
20170717214,11
20170717221,67
20170717222,29
20170717223,13
20170717224,11
20170717231,66
20170717232,29
20170717233,13
20170717234,11
20170718001,61
20170718002,28
20170718003,9
20170718004,9
20170718011,52
20170718012,25
20170718013,7
20170718014,6
20170718021,45
20170718022,22
20170718023,6
20170718024,5
20170718031,38
20170718032,18
20170718033,6
20170718034,5
20170718041,34
20170718042,16
20170718043,6
20170718044,5
20170718051,32
20170718052,16
20170718053,6
20170718054,5
20170718061,37
20170718062,17
20170718063,6
20170718064,5
20170718071,41
20170718072,20
20170718073,7
20170718074,5
20170718081,47
20170718082,23
20170718083,8
20170718084,7
20170718091,57
20170718092,26
20170718093,9
20170718094,8
20170718101,73
20170718102,28
20170718103,10
20170718104,9
20170718111,77
20170718112,30
20170718113,12
20170718114,10
20170718121,76
20170718122,30
20170718123,12
20170718124,11
20170718131,74
20170718132,30
20170718133,12
20170718134,11
20170718141,72
20170718142,30
20170718143,12
20170718144,11
20170718151,71
20170718152,30
20170718153,12
20170718154,11
20170718161,70
20170718162,30
20170718163,12
20170718164,11
20170718171,69
20170718172,30
20170718173,12
20170718174,11
20170718181,70
20170718182,30
20170718183,12
20170718184,11
20170718191,70
20170718192,30
20170718193,12
20170718194,11
20170718201,68
20170718202,30
20170718203,12
20170718204,11
20170718211,67
20170718212,30
20170718213,12
20170718214,11
20170718221,67
20170718222,30
20170718223,12
20170718224,11
20170718231,67
20170718232,30
20170718233,12
20170718234,11
20170719001,62
20170719002,28
20170719003,9
20170719004,9
20170719011,53
20170719012,25
20170719013,7
20170719014,6
20170719021,45
20170719022,22
20170719023,6
20170719024,5
20170719031,38
20170719032,18
20170719033,6
20170719034,5
20170719041,34
20170719042,16
20170719043,6
20170719044,5
20170719051,32
20170719052,16
20170719053,6
20170719054,5
20170719061,37
20170719062,17
20170719063,6
20170719064,5
20170719071,41
20170719072,20
20170719073,7
20170719074,5
20170719081,47
20170719082,23
20170719083,8
20170719084,7
20170719091,58
20170719092,26
20170719093,9
20170719094,8
20170719101,71
20170719102,28
20170719103,10
20170719104,9
20170719111,76
20170719112,31
20170719113,11
20170719114,10
20170719121,75
20170719122,30
20170719123,11
20170719124,11
20170719131,73
20170719132,30
20170719133,11
20170719134,11
20170719141,72
20170719142,30
20170719143,11
20170719144,11
20170719151,71
20170719152,30
20170719153,11
20170719154,11
20170719161,69
20170719162,30
20170719163,11
20170719164,11
20170719171,68
20170719172,30
20170719173,11
20170719174,11
20170719181,68
20170719182,31
20170719183,11
20170719184,11
20170719191,68
20170719192,31
20170719193,11
20170719194,11
20170719201,67
20170719202,30
20170719203,11
20170719204,11
20170719211,67
20170719212,30
20170719213,11
20170719214,11
20170719221,67
20170719222,30
20170719223,11
20170719224,11
20170719231,67
20170719232,30
20170719233,11
20170719234,11
20170720001,62
20170720002,28
20170720003,9
20170720004,9
20170720011,53
20170720012,25
20170720013,7
20170720014,6
20170720021,45
20170720022,22
20170720023,6
20170720024,5
20170720031,38
20170720032,18
20170720033,6
20170720034,5
20170720041,34
20170720042,16
20170720043,6
20170720044,5
20170720051,32
20170720052,16
20170720053,6
20170720054,5
20170720061,37
20170720062,17
20170720063,6
20170720064,5
20170720071,41
20170720072,20
20170720073,7
20170720074,5
20170720081,47
20170720082,23
20170720083,8
20170720084,7
20170720091,59
20170720092,26
20170720093,9
20170720094,8
20170720101,71
20170720102,28
20170720103,10
20170720104,9
20170720111,76
20170720112,31
20170720113,11
20170720114,10
20170720121,75
20170720122,30
20170720123,11
20170720124,11
20170720131,73
20170720132,30
20170720133,11
20170720134,11
20170720141,71
20170720142,30
20170720143,11
20170720144,11
20170720151,69
20170720152,30
20170720153,11
20170720154,11
20170720161,68
20170720162,30
20170720163,11
20170720164,11
20170720171,68
20170720172,30
20170720173,11
20170720174,11
20170720181,68
20170720182,31
20170720183,11
20170720184,11
20170720191,68
20170720192,31
20170720193,11
20170720194,11
20170720201,67
20170720202,30
20170720203,11
20170720204,11
20170720211,67
20170720212,30
20170720213,11
20170720214,11
20170720221,67
20170720222,30
20170720223,11
20170720224,11
20170720231,67
20170720232,30
20170720233,11
20170720234,11
20170721001,61
20170721002,28
20170721003,9
20170721004,9
20170721011,52
20170721012,25
20170721013,7
20170721014,6
20170721021,44
20170721022,21
20170721023,6
20170721024,5
20170721031,37
20170721032,17
20170721033,6
20170721034,5
20170721041,32
20170721042,15
20170721043,6
20170721044,5
20170721051,30
20170721052,15
20170721053,6
20170721054,5
20170721061,33
20170721062,17
20170721063,6
20170721064,5
20170721071,38
20170721072,19
20170721073,7
20170721074,5
20170721081,45
20170721082,22
20170721083,8
20170721084,7
20170721091,56
20170721092,24
20170721093,9
20170721094,8
20170721101,66
20170721102,27
20170721103,10
20170721104,9
20170721111,71
20170721112,30
20170721113,11
20170721114,10
20170721121,69
20170721122,30
20170721123,11
20170721124,11
20170721131,66
20170721132,30
20170721133,11
20170721134,11
20170721141,68
20170721142,30
20170721143,11
20170721144,11
20170721151,68
20170721152,30
20170721153,11
20170721154,11
20170721161,68
20170721162,30
20170721163,11
20170721164,11
20170721171,68
20170721172,30
20170721173,11
20170721174,11
20170721181,68
20170721182,30
20170721183,11
20170721184,11
20170721191,68
20170721192,30
20170721193,11
20170721194,11
20170721201,67
20170721202,30
20170721203,11
20170721204,11
20170721211,67
20170721212,30
20170721213,11
20170721214,11
20170721221,67
20170721222,30
20170721223,11
20170721224,11
20170721231,67
20170721232,30
20170721233,11
20170721234,11
20170722001,61
20170722002,28
20170722003,9
20170722004,9
20170722011,52
20170722012,24
20170722013,7
20170722014,6
20170722021,44
20170722022,20
20170722023,6
20170722024,5
20170722031,37
20170722032,17
20170722033,6
20170722034,5
20170722041,32
20170722042,15
20170722043,6
20170722044,5
20170722051,29
20170722052,15
20170722053,6
20170722054,5
20170722061,31
20170722062,16
20170722063,6
20170722064,5
20170722071,32
20170722072,18
20170722073,7
20170722074,5
20170722081,36
20170722082,19
20170722083,8
20170722084,7
20170722091,41
20170722092,22
20170722093,9
20170722094,8
20170722101,48
20170722102,25
20170722103,10
20170722104,9
20170722111,58
20170722112,27
20170722113,10
20170722114,10
20170722121,58
20170722122,28
20170722123,10
20170722124,10
20170722131,57
20170722132,28
20170722133,10
20170722134,10
20170722141,57
20170722142,28
20170722143,10
20170722144,10
20170722151,57
20170722152,28
20170722153,10
20170722154,10
20170722161,57
20170722162,28
20170722163,10
20170722164,10
20170722171,57
20170722172,28
20170722173,10
20170722174,10
20170722181,58
20170722182,28
20170722183,10
20170722184,10
20170722191,60
20170722192,28
20170722193,10
20170722194,10
20170722201,60
20170722202,28
20170722203,10
20170722204,10
20170722211,60
20170722212,28
20170722213,10
20170722214,10
20170722221,60
20170722222,28
20170722223,10
20170722224,10
20170722231,60
20170722232,28
20170722233,10
20170722234,10
20170723001,53
20170723002,27
20170723003,8
20170723004,8
20170723011,46
20170723012,23
20170723013,6
20170723014,6
20170723021,40
20170723022,19
20170723023,6
20170723024,5
20170723031,35
20170723032,16
20170723033,6
20170723034,5
20170723041,29
20170723042,14
20170723043,6
20170723044,5
20170723051,27
20170723052,13
20170723053,6
20170723054,5
20170723061,29
20170723062,14
20170723063,6
20170723064,5
20170723071,32
20170723072,15
20170723073,7
20170723074,5
20170723081,36
20170723082,18
20170723083,8
20170723084,7
20170723091,41
20170723092,20
20170723093,9
20170723094,8
20170723101,47
20170723102,24
20170723103,10
20170723104,9
20170723111,58
20170723112,27
20170723113,10
20170723114,10
20170723121,57
20170723122,28
20170723123,10
20170723124,10
20170723131,56
20170723132,28
20170723133,10
20170723134,10
20170723141,56
20170723142,28
20170723143,10
20170723144,10
20170723151,56
20170723152,28
20170723153,10
20170723154,10
20170723161,56
20170723162,28
20170723163,10
20170723164,10
20170723171,56
20170723172,28
20170723173,10
20170723174,10
20170723181,57
20170723182,28
20170723183,10
20170723184,10
20170723191,58
20170723192,28
20170723193,10
20170723194,10
20170723201,58
20170723202,28
20170723203,10
20170723204,10
20170723211,58
20170723212,28
20170723213,10
20170723214,10
20170723221,58
20170723222,28
20170723223,10
20170723224,10
20170723231,58
20170723232,28
20170723233,10
20170723234,10
20170724001,53
20170724002,27
20170724003,8
20170724004,8
20170724011,45
20170724012,24
20170724013,6
20170724014,6
20170724021,39
20170724022,21
20170724023,6
20170724024,5
20170724031,34
20170724032,18
20170724033,6
20170724034,5
20170724041,30
20170724042,16
20170724043,6
20170724044,5
20170724051,31
20170724052,16
20170724053,6
20170724054,5
20170724061,33
20170724062,18
20170724063,6
20170724064,5
20170724071,39
20170724072,20
20170724073,7
20170724074,5
20170724081,48
20170724082,22
20170724083,8
20170724084,7
20170724091,55
20170724092,25
20170724093,9
20170724094,8
20170724101,69
20170724102,28
20170724103,10
20170724104,10
20170724111,80
20170724112,30
20170724113,11
20170724114,11
20170724121,78
20170724122,30
20170724123,12
20170724124,11
20170724131,77
20170724132,29
20170724133,12
20170724134,11
20170724141,76
20170724142,29
20170724143,13
20170724144,11
20170724151,75
20170724152,29
20170724153,13
20170724154,11
20170724161,74
20170724162,29
20170724163,13
20170724164,11
20170724171,73
20170724172,29
20170724173,13
20170724174,11
20170724181,73
20170724182,29
20170724183,13
20170724184,11
20170724191,73
20170724192,29
20170724193,13
20170724194,11
20170724201,71
20170724202,29
20170724203,13
20170724204,11
20170724211,69
20170724212,29
20170724213,13
20170724214,11
20170724221,67
20170724222,29
20170724223,13
20170724224,11
20170724231,66
20170724232,29
20170724233,13
20170724234,11
20170725001,61
20170725002,28
20170725003,9
20170725004,9
20170725011,52
20170725012,25
20170725013,7
20170725014,6
20170725021,44
20170725022,22
20170725023,6
20170725024,5
20170725031,38
20170725032,18
20170725033,6
20170725034,5
20170725041,34
20170725042,16
20170725043,6
20170725044,5
20170725051,32
20170725052,16
20170725053,6
20170725054,5
20170725061,38
20170725062,17
20170725063,6
20170725064,5
20170725071,44
20170725072,20
20170725073,7
20170725074,5
20170725081,49
20170725082,23
20170725083,8
20170725084,7
20170725091,59
20170725092,26
20170725093,9
20170725094,8
20170725101,73
20170725102,28
20170725103,10
20170725104,9
20170725111,77
20170725112,30
20170725113,12
20170725114,10
20170725121,76
20170725122,30
20170725123,12
20170725124,11
20170725131,75
20170725132,30
20170725133,12
20170725134,11
20170725141,74
20170725142,30
20170725143,12
20170725144,11
20170725151,73
20170725152,30
20170725153,12
20170725154,11
20170725161,72
20170725162,30
20170725163,12
20170725164,11
20170725171,71
20170725172,30
20170725173,12
20170725174,11
20170725181,71
20170725182,30
20170725183,12
20170725184,11
20170725191,71
20170725192,30
20170725193,12
20170725194,11
20170725201,69
20170725202,30
20170725203,12
20170725204,11
20170725211,67
20170725212,30
20170725213,12
20170725214,11
20170725221,67
20170725222,30
20170725223,12
20170725224,11
20170725231,67
20170725232,30
20170725233,12
20170725234,11
20170726001,62
20170726002,28
20170726003,9
20170726004,9
20170726011,53
20170726012,25
20170726013,7
20170726014,6
20170726021,45
20170726022,22
20170726023,6
20170726024,5
20170726031,38
20170726032,18
20170726033,6
20170726034,5
20170726041,34
20170726042,16
20170726043,6
20170726044,5
20170726051,32
20170726052,16
20170726053,6
20170726054,5
20170726061,37
20170726062,17
20170726063,6
20170726064,5
20170726071,41
20170726072,20
20170726073,7
20170726074,5
20170726081,48
20170726082,23
20170726083,8
20170726084,7
20170726091,59
20170726092,26
20170726093,9
20170726094,8
20170726101,71
20170726102,28
20170726103,10
20170726104,9
20170726111,77
20170726112,31
20170726113,11
20170726114,10
20170726121,76
20170726122,30
20170726123,11
20170726124,11
20170726131,74
20170726132,30
20170726133,11
20170726134,11
20170726141,72
20170726142,30
20170726143,11
20170726144,11
20170726151,71
20170726152,30
20170726153,11
20170726154,11
20170726161,70
20170726162,30
20170726163,11
20170726164,11
20170726171,69
20170726172,30
20170726173,11
20170726174,11
20170726181,69
20170726182,30
20170726183,11
20170726184,11
20170726191,69
20170726192,30
20170726193,11
20170726194,11
20170726201,67
20170726202,30
20170726203,11
20170726204,11
20170726211,67
20170726212,30
20170726213,11
20170726214,11
20170726221,67
20170726222,30
20170726223,11
20170726224,11
20170726231,67
20170726232,30
20170726233,11
20170726234,11
20170727001,62
20170727002,28
20170727003,9
20170727004,9
20170727011,53
20170727012,25
20170727013,7
20170727014,6
20170727021,45
20170727022,22
20170727023,6
20170727024,5
20170727031,38
20170727032,18
20170727033,6
20170727034,5
20170727041,34
20170727042,16
20170727043,6
20170727044,5
20170727051,32
20170727052,16
20170727053,6
20170727054,5
20170727061,37
20170727062,17
20170727063,6
20170727064,5
20170727071,41
20170727072,20
20170727073,7
20170727074,5
20170727081,47
20170727082,23
20170727083,8
20170727084,7
20170727091,59
20170727092,26
20170727093,9
20170727094,8
20170727101,71
20170727102,28
20170727103,10
20170727104,9
20170727111,77
20170727112,31
20170727113,11
20170727114,10
20170727121,76
20170727122,30
20170727123,11
20170727124,11
20170727131,73
20170727132,30
20170727133,11
20170727134,11
20170727141,71
20170727142,30
20170727143,11
20170727144,11
20170727151,69
20170727152,30
20170727153,11
20170727154,11
20170727161,68
20170727162,30
20170727163,11
20170727164,11
20170727171,68
20170727172,30
20170727173,11
20170727174,11
20170727181,68
20170727182,30
20170727183,11
20170727184,11
20170727191,68
20170727192,30
20170727193,11
20170727194,11
20170727201,67
20170727202,30
20170727203,11
20170727204,11
20170727211,67
20170727212,30
20170727213,11
20170727214,11
20170727221,67
20170727222,30
20170727223,11
20170727224,11
20170727231,67
20170727232,30
20170727233,11
20170727234,11
20170728001,61
20170728002,28
20170728003,9
20170728004,9
20170728011,52
20170728012,25
20170728013,7
20170728014,6
20170728021,44
20170728022,21
20170728023,6
20170728024,5
20170728031,37
20170728032,17
20170728033,6
20170728034,5
20170728041,32
20170728042,15
20170728043,6
20170728044,5
20170728051,30
20170728052,15
20170728053,6
20170728054,5
20170728061,33
20170728062,17
20170728063,6
20170728064,5
20170728071,38
20170728072,19
20170728073,7
20170728074,5
20170728081,45
20170728082,22
20170728083,8
20170728084,7
20170728091,56
20170728092,24
20170728093,9
20170728094,8
20170728101,67
20170728102,27
20170728103,10
20170728104,9
20170728111,72
20170728112,30
20170728113,11
20170728114,10
20170728121,71
20170728122,30
20170728123,11
20170728124,11
20170728131,66
20170728132,30
20170728133,11
20170728134,11
20170728141,68
20170728142,30
20170728143,11
20170728144,11
20170728151,68
20170728152,30
20170728153,11
20170728154,11
20170728161,68
20170728162,30
20170728163,11
20170728164,11
20170728171,68
20170728172,30
20170728173,11
20170728174,11
20170728181,68
20170728182,30
20170728183,11
20170728184,11
20170728191,68
20170728192,30
20170728193,11
20170728194,11
20170728201,67
20170728202,30
20170728203,11
20170728204,11
20170728211,67
20170728212,30
20170728213,11
20170728214,11
20170728221,67
20170728222,30
20170728223,11
20170728224,11
20170728231,66
20170728232,30
20170728233,11
20170728234,11
20170729001,60
20170729002,28
20170729003,9
20170729004,9
20170729011,52
20170729012,24
20170729013,7
20170729014,6
20170729021,44
20170729022,20
20170729023,6
20170729024,5
20170729031,37
20170729032,17
20170729033,6
20170729034,5
20170729041,31
20170729042,15
20170729043,6
20170729044,5
20170729051,28
20170729052,15
20170729053,6
20170729054,5
20170729061,30
20170729062,16
20170729063,6
20170729064,5
20170729071,32
20170729072,18
20170729073,7
20170729074,5
20170729081,36
20170729082,19
20170729083,8
20170729084,7
20170729091,41
20170729092,22
20170729093,9
20170729094,8
20170729101,48
20170729102,25
20170729103,10
20170729104,9
20170729111,59
20170729112,27
20170729113,10
20170729114,10
20170729121,60
20170729122,28
20170729123,10
20170729124,10
20170729131,58
20170729132,28
20170729133,10
20170729134,10
20170729141,58
20170729142,28
20170729143,10
20170729144,10
20170729151,58
20170729152,28
20170729153,10
20170729154,10
20170729161,58
20170729162,28
20170729163,10
20170729164,10
20170729171,59
20170729172,28
20170729173,10
20170729174,10
20170729181,60
20170729182,28
20170729183,10
20170729184,10
20170729191,61
20170729192,28
20170729193,10
20170729194,10
20170729201,60
20170729202,28
20170729203,10
20170729204,10
20170729211,60
20170729212,28
20170729213,10
20170729214,10
20170729221,60
20170729222,28
20170729223,10
20170729224,10
20170729231,60
20170729232,28
20170729233,10
20170729234,10
20170730001,55
20170730002,27
20170730003,8
20170730004,8
20170730011,46
20170730012,23
20170730013,6
20170730014,6
20170730021,40
20170730022,19
20170730023,6
20170730024,5
20170730031,35
20170730032,16
20170730033,6
20170730034,5
20170730041,29
20170730042,14
20170730043,6
20170730044,5
20170730051,27
20170730052,13
20170730053,6
20170730054,5
20170730061,29
20170730062,14
20170730063,6
20170730064,5
20170730071,32
20170730072,15
20170730073,7
20170730074,5
20170730081,36
20170730082,18
20170730083,8
20170730084,7
20170730091,41
20170730092,20
20170730093,9
20170730094,8
20170730101,48
20170730102,24
20170730103,10
20170730104,9
20170730111,58
20170730112,27
20170730113,10
20170730114,10
20170730121,59
20170730122,28
20170730123,10
20170730124,10
20170730131,57
20170730132,28
20170730133,10
20170730134,10
20170730141,57
20170730142,28
20170730143,10
20170730144,10
20170730151,57
20170730152,28
20170730153,10
20170730154,10
20170730161,57
20170730162,28
20170730163,10
20170730164,10
20170730171,57
20170730172,28
20170730173,10
20170730174,10
20170730181,58
20170730182,28
20170730183,10
20170730184,10
20170730191,59
20170730192,28
20170730193,10
20170730194,10
20170730201,59
20170730202,28
20170730203,10
20170730204,10
20170730211,59
20170730212,28
20170730213,10
20170730214,10
20170730221,59
20170730222,28
20170730223,10
20170730224,10
20170730231,59
20170730232,28
20170730233,10
20170730234,10
20170731001,53
20170731002,27
20170731003,8
20170731004,8
20170731011,45
20170731012,24
20170731013,6
20170731014,6
20170731021,39
20170731022,21
20170731023,6
20170731024,5
20170731031,34
20170731032,18
20170731033,6
20170731034,5
20170731041,30
20170731042,15
20170731043,6
20170731044,5
20170731051,31
20170731052,15
20170731053,6
20170731054,5
20170731061,33
20170731062,16
20170731063,6
20170731064,5
20170731071,39
20170731072,19
20170731073,7
20170731074,5
20170731081,48
20170731082,21
20170731083,8
20170731084,7
20170731091,55
20170731092,24
20170731093,9
20170731094,8
20170731101,70
20170731102,28
20170731103,10
20170731104,10
20170731111,84
20170731112,31
20170731113,11
20170731114,11
20170731121,84
20170731122,30
20170731123,12
20170731124,11
20170731131,82
20170731132,29
20170731133,12
20170731134,11
20170731141,79
20170731142,28
20170731143,13
20170731144,11
20170731151,77
20170731152,28
20170731153,13
20170731154,11
20170731161,75
20170731162,28
20170731163,13
20170731164,11
20170731171,74
20170731172,28
20170731173,13
20170731174,11
20170731181,73
20170731182,28
20170731183,13
20170731184,11
20170731191,73
20170731192,28
20170731193,13
20170731194,11
20170731201,71
20170731202,28
20170731203,13
20170731204,11
20170731211,69
20170731212,28
20170731213,13
20170731214,11
20170731221,67
20170731222,28
20170731223,13
20170731224,11
20170731231,66
20170731232,28
20170731233,13
20170731234,11
20170801001,61
20170801002,28
20170801003,9
20170801004,9
20170801011,52
20170801012,25
20170801013,7
20170801014,6
20170801021,45
20170801022,22
20170801023,6
20170801024,5
20170801031,38
20170801032,18
20170801033,6
20170801034,5
20170801041,34
20170801042,15
20170801043,6
20170801044,5
20170801051,32
20170801052,15
20170801053,6
20170801054,5
20170801061,38
20170801062,17
20170801063,6
20170801064,5
20170801071,44
20170801072,19
20170801073,7
20170801074,6
20170801081,49
20170801082,22
20170801083,8
20170801084,7
20170801091,58
20170801092,24
20170801093,9
20170801094,8
20170801101,74
20170801102,27
20170801103,10
20170801104,10
20170801111,81
20170801112,29
20170801113,12
20170801114,10
20170801121,82
20170801122,28
20170801123,12
20170801124,11
20170801131,78
20170801132,28
20170801133,12
20170801134,11
20170801141,77
20170801142,28
20170801143,12
20170801144,11
20170801151,76
20170801152,28
20170801153,12
20170801154,11
20170801161,75
20170801162,28
20170801163,12
20170801164,11
20170801171,74
20170801172,28
20170801173,12
20170801174,11
20170801181,73
20170801182,28
20170801183,12
20170801184,11
20170801191,73
20170801192,28
20170801193,12
20170801194,11
20170801201,71
20170801202,28
20170801203,12
20170801204,11
20170801211,68
20170801212,28
20170801213,12
20170801214,11
20170801221,67
20170801222,28
20170801223,12
20170801224,11
20170801231,67
20170801232,28
20170801233,12
20170801234,11
20170802001,62
20170802002,28
20170802003,9
20170802004,9
20170802011,53
20170802012,25
20170802013,7
20170802014,6
20170802021,45
20170802022,22
20170802023,6
20170802024,5
20170802031,38
20170802032,18
20170802033,6
20170802034,5
20170802041,34
20170802042,15
20170802043,6
20170802044,5
20170802051,32
20170802052,15
20170802053,6
20170802054,5
20170802061,37
20170802062,17
20170802063,6
20170802064,5
20170802071,41
20170802072,19
20170802073,7
20170802074,6
20170802081,48
20170802082,22
20170802083,8
20170802084,7
20170802091,58
20170802092,24
20170802093,9
20170802094,8
20170802101,72
20170802102,27
20170802103,10
20170802104,9
20170802111,80
20170802112,29
20170802113,11
20170802114,10
20170802121,80
20170802122,28
20170802123,11
20170802124,10
20170802131,76
20170802132,28
20170802133,11
20170802134,10
20170802141,77
20170802142,28
20170802143,11
20170802144,10
20170802151,76
20170802152,28
20170802153,11
20170802154,10
20170802161,75
20170802162,28
20170802163,11
20170802164,10
20170802171,74
20170802172,28
20170802173,11
20170802174,10
20170802181,73
20170802182,28
20170802183,11
20170802184,10
20170802191,73
20170802192,28
20170802193,11
20170802194,10
20170802201,71
20170802202,28
20170802203,11
20170802204,10
20170802211,68
20170802212,28
20170802213,11
20170802214,10
20170802221,67
20170802222,28
20170802223,11
20170802224,10
20170802231,67
20170802232,28
20170802233,11
20170802234,10
20170803001,62
20170803002,28
20170803003,9
20170803004,8
20170803011,53
20170803012,25
20170803013,7
20170803014,6
20170803021,45
20170803022,22
20170803023,6
20170803024,5
20170803031,38
20170803032,18
20170803033,6
20170803034,5
20170803041,34
20170803042,15
20170803043,6
20170803044,5
20170803051,32
20170803052,15
20170803053,6
20170803054,5
20170803061,37
20170803062,17
20170803063,6
20170803064,5
20170803071,41
20170803072,19
20170803073,7
20170803074,5
20170803081,47
20170803082,22
20170803083,8
20170803084,7
20170803091,58
20170803092,24
20170803093,9
20170803094,8
20170803101,71
20170803102,27
20170803103,10
20170803104,9
20170803111,78
20170803112,29
20170803113,10
20170803114,10
20170803121,79
20170803122,28
20170803123,11
20170803124,10
20170803131,75
20170803132,28
20170803133,11
20170803134,10
20170803141,76
20170803142,28
20170803143,11
20170803144,10
20170803151,76
20170803152,28
20170803153,11
20170803154,10
20170803161,75
20170803162,28
20170803163,11
20170803164,10
20170803171,74
20170803172,28
20170803173,11
20170803174,10
20170803181,73
20170803182,28
20170803183,11
20170803184,10
20170803191,73
20170803192,28
20170803193,11
20170803194,10
20170803201,71
20170803202,28
20170803203,11
20170803204,10
20170803211,68
20170803212,28
20170803213,11
20170803214,10
20170803221,67
20170803222,28
20170803223,11
20170803224,10
20170803231,67
20170803232,28
20170803233,11
20170803234,10
20170804001,62
20170804002,28
20170804003,9
20170804004,8
20170804011,53
20170804012,25
20170804013,7
20170804014,6
20170804021,45
20170804022,21
20170804023,6
20170804024,5
20170804031,38
20170804032,17
20170804033,6
20170804034,5
20170804041,34
20170804042,15
20170804043,6
20170804044,5
20170804051,31
20170804052,15
20170804053,6
20170804054,5
20170804061,33
20170804062,17
20170804063,6
20170804064,5
20170804071,38
20170804072,19
20170804073,7
20170804074,5
20170804081,44
20170804082,22
20170804083,8
20170804084,7
20170804091,49
20170804092,24
20170804093,9
20170804094,8
20170804101,60
20170804102,27
20170804103,10
20170804104,9
20170804111,69
20170804112,29
20170804113,10
20170804114,10
20170804121,71
20170804122,28
20170804123,11
20170804124,10
20170804131,69
20170804132,28
20170804133,11
20170804134,10
20170804141,70
20170804142,28
20170804143,11
20170804144,10
20170804151,70
20170804152,28
20170804153,11
20170804154,10
20170804161,70
20170804162,28
20170804163,11
20170804164,10
20170804171,69
20170804172,28
20170804173,11
20170804174,10
20170804181,69
20170804182,28
20170804183,11
20170804184,10
20170804191,69
20170804192,28
20170804193,11
20170804194,10
20170804201,67
20170804202,28
20170804203,11
20170804204,10
20170804211,67
20170804212,28
20170804213,11
20170804214,10
20170804221,67
20170804222,28
20170804223,11
20170804224,10
20170804231,66
20170804232,28
20170804233,11
20170804234,10
20170805001,60
20170805002,27
20170805003,9
20170805004,8
20170805011,52
20170805012,24
20170805013,7
20170805014,6
20170805021,44
20170805022,20
20170805023,6
20170805024,5
20170805031,37
20170805032,17
20170805033,6
20170805034,5
20170805041,32
20170805042,15
20170805043,6
20170805044,5
20170805051,29
20170805052,15
20170805053,6
20170805054,5
20170805061,31
20170805062,16
20170805063,6
20170805064,5
20170805071,32
20170805072,18
20170805073,7
20170805074,5
20170805081,36
20170805082,19
20170805083,8
20170805084,7
20170805091,41
20170805092,22
20170805093,9
20170805094,8
20170805101,48
20170805102,25
20170805103,10
20170805104,9
20170805111,57
20170805112,27
20170805113,10
20170805114,10
20170805121,57
20170805122,28
20170805123,10
20170805124,10
20170805131,57
20170805132,28
20170805133,10
20170805134,10
20170805141,57
20170805142,28
20170805143,10
20170805144,10
20170805151,57
20170805152,28
20170805153,10
20170805154,10
20170805161,57
20170805162,28
20170805163,10
20170805164,10
20170805171,58
20170805172,28
20170805173,10
20170805174,10
20170805181,59
20170805182,28
20170805183,10
20170805184,10
20170805191,61
20170805192,28
20170805193,10
20170805194,10
20170805201,60
20170805202,28
20170805203,10
20170805204,10
20170805211,60
20170805212,28
20170805213,10
20170805214,10
20170805221,60
20170805222,28
20170805223,10
20170805224,10
20170805231,60
20170805232,28
20170805233,10
20170805234,10
20170806001,53
20170806002,27
20170806003,8
20170806004,8
20170806011,46
20170806012,23
20170806013,6
20170806014,6
20170806021,39
20170806022,19
20170806023,6
20170806024,5
20170806031,34
20170806032,16
20170806033,6
20170806034,5
20170806041,29
20170806042,14
20170806043,6
20170806044,5
20170806051,27
20170806052,13
20170806053,6
20170806054,5
20170806061,29
20170806062,14
20170806063,6
20170806064,5
20170806071,32
20170806072,15
20170806073,7
20170806074,5
20170806081,36
20170806082,18
20170806083,8
20170806084,7
20170806091,41
20170806092,20
20170806093,9
20170806094,8
20170806101,48
20170806102,24
20170806103,10
20170806104,9
20170806111,57
20170806112,27
20170806113,10
20170806114,10
20170806121,57
20170806122,28
20170806123,10
20170806124,10
20170806131,56
20170806132,28
20170806133,10
20170806134,10
20170806141,56
20170806142,28
20170806143,10
20170806144,10
20170806151,56
20170806152,28
20170806153,10
20170806154,10
20170806161,56
20170806162,28
20170806163,10
20170806164,10
20170806171,56
20170806172,28
20170806173,10
20170806174,10
20170806181,57
20170806182,28
20170806183,10
20170806184,10
20170806191,58
20170806192,28
20170806193,10
20170806194,10
20170806201,58
20170806202,28
20170806203,10
20170806204,10
20170806211,58
20170806212,28
20170806213,10
20170806214,10
20170806221,58
20170806222,28
20170806223,10
20170806224,10
20170806231,58
20170806232,28
20170806233,10
20170806234,10
20170807001,53
20170807002,27
20170807003,8
20170807004,8
20170807011,45
20170807012,24
20170807013,6
20170807014,6
20170807021,39
20170807022,21
20170807023,6
20170807024,5
20170807031,34
20170807032,18
20170807033,6
20170807034,5
20170807041,30
20170807042,16
20170807043,6
20170807044,5
20170807051,31
20170807052,16
20170807053,6
20170807054,5
20170807061,33
20170807062,18
20170807063,6
20170807064,5
20170807071,39
20170807072,20
20170807073,7
20170807074,5
20170807081,47
20170807082,22
20170807083,8
20170807084,7
20170807091,54
20170807092,25
20170807093,9
20170807094,8
20170807101,69
20170807102,28
20170807103,10
20170807104,10
20170807111,78
20170807112,30
20170807113,11
20170807114,11
20170807121,77
20170807122,30
20170807123,12
20170807124,11
20170807131,75
20170807132,29
20170807133,12
20170807134,11
20170807141,74
20170807142,29
20170807143,13
20170807144,11
20170807151,73
20170807152,29
20170807153,13
20170807154,11
20170807161,72
20170807162,29
20170807163,13
20170807164,11
20170807171,72
20170807172,29
20170807173,13
20170807174,11
20170807181,72
20170807182,29
20170807183,13
20170807184,11
20170807191,72
20170807192,29
20170807193,13
20170807194,11
20170807201,71
20170807202,29
20170807203,13
20170807204,11
20170807211,69
20170807212,29
20170807213,13
20170807214,11
20170807221,67
20170807222,29
20170807223,13
20170807224,11
20170807231,66
20170807232,29
20170807233,13
20170807234,11
20170808001,61
20170808002,28
20170808003,9
20170808004,9
20170808011,52
20170808012,25
20170808013,7
20170808014,6
20170808021,45
20170808022,22
20170808023,6
20170808024,5
20170808031,38
20170808032,18
20170808033,6
20170808034,5
20170808041,34
20170808042,16
20170808043,6
20170808044,5
20170808051,32
20170808052,16
20170808053,6
20170808054,5
20170808061,37
20170808062,17
20170808063,6
20170808064,5
20170808071,41
20170808072,20
20170808073,7
20170808074,6
20170808081,47
20170808082,23
20170808083,8
20170808084,7
20170808091,57
20170808092,26
20170808093,9
20170808094,8
20170808101,73
20170808102,28
20170808103,10
20170808104,10
20170808111,78
20170808112,30
20170808113,12
20170808114,10
20170808121,77
20170808122,30
20170808123,12
20170808124,10
20170808131,75
20170808132,29
20170808133,12
20170808134,10
20170808141,74
20170808142,29
20170808143,13
20170808144,10
20170808151,72
20170808152,29
20170808153,13
20170808154,10
20170808161,71
20170808162,29
20170808163,13
20170808164,10
20170808171,70
20170808172,29
20170808173,13
20170808174,10
20170808181,70
20170808182,29
20170808183,13
20170808184,10
20170808191,70
20170808192,29
20170808193,13
20170808194,10
20170808201,68
20170808202,29
20170808203,13
20170808204,10
20170808211,67
20170808212,29
20170808213,13
20170808214,10
20170808221,67
20170808222,29
20170808223,13
20170808224,10
20170808231,67
20170808232,29
20170808233,13
20170808234,10
20170809001,62
20170809002,28
20170809003,10
20170809004,8
20170809011,53
20170809012,25
20170809013,8
20170809014,6
20170809021,45
20170809022,22
20170809023,6
20170809024,5
20170809031,38
20170809032,18
20170809033,6
20170809034,5
20170809041,34
20170809042,16
20170809043,6
20170809044,5
20170809051,32
20170809052,16
20170809053,6
20170809054,5
20170809061,37
20170809062,17
20170809063,6
20170809064,5
20170809071,41
20170809072,20
20170809073,7
20170809074,5
20170809081,47
20170809082,23
20170809083,8
20170809084,7
20170809091,58
20170809092,26
20170809093,9
20170809094,8
20170809101,71
20170809102,28
20170809103,10
20170809104,9
20170809111,77
20170809112,30
20170809113,12
20170809114,10
20170809121,77
20170809122,30
20170809123,12
20170809124,10
20170809131,75
20170809132,29
20170809133,12
20170809134,10
20170809141,74
20170809142,29
20170809143,13
20170809144,10
20170809151,72
20170809152,29
20170809153,13
20170809154,10
20170809161,71
20170809162,29
20170809163,13
20170809164,10
20170809171,69
20170809172,29
20170809173,13
20170809174,10
20170809181,68
20170809182,29
20170809183,13
20170809184,10
20170809191,68
20170809192,29
20170809193,13
20170809194,10
20170809201,67
20170809202,29
20170809203,13
20170809204,10
20170809211,67
20170809212,29
20170809213,13
20170809214,10
20170809221,67
20170809222,29
20170809223,13
20170809224,10
20170809231,67
20170809232,29
20170809233,13
20170809234,10
20170810001,61
20170810002,28
20170810003,11
20170810004,8
20170810011,52
20170810012,25
20170810013,8
20170810014,6
20170810021,44
20170810022,22
20170810023,6
20170810024,5
20170810031,37
20170810032,18
20170810033,6
20170810034,5
20170810041,32
20170810042,16
20170810043,6
20170810044,5
20170810051,31
20170810052,16
20170810053,6
20170810054,5
20170810061,34
20170810062,17
20170810063,6
20170810064,5
20170810071,39
20170810072,20
20170810073,7
20170810074,5
20170810081,45
20170810082,23
20170810083,8
20170810084,7
20170810091,55
20170810092,26
20170810093,9
20170810094,8
20170810101,66
20170810102,28
20170810103,10
20170810104,9
20170810111,73
20170810112,30
20170810113,12
20170810114,10
20170810121,73
20170810122,30
20170810123,12
20170810124,10
20170810131,72
20170810132,29
20170810133,12
20170810134,10
20170810141,72
20170810142,29
20170810143,12
20170810144,10
20170810151,71
20170810152,29
20170810153,12
20170810154,10
20170810161,69
20170810162,29
20170810163,12
20170810164,10
20170810171,68
20170810172,29
20170810173,12
20170810174,10
20170810181,68
20170810182,29
20170810183,12
20170810184,10
20170810191,68
20170810192,29
20170810193,12
20170810194,10
20170810201,67
20170810202,29
20170810203,12
20170810204,10
20170810211,67
20170810212,29
20170810213,12
20170810214,10
20170810221,67
20170810222,29
20170810223,12
20170810224,10
20170810231,66
20170810232,29
20170810233,12
20170810234,10
20170811001,60
20170811002,28
20170811003,9
20170811004,8
20170811011,52
20170811012,25
20170811013,8
20170811014,6
20170811021,44
20170811022,21
20170811023,6
20170811024,5
20170811031,37
20170811032,17
20170811033,6
20170811034,5
20170811041,32
20170811042,15
20170811043,6
20170811044,5
20170811051,30
20170811052,15
20170811053,6
20170811054,5
20170811061,33
20170811062,17
20170811063,6
20170811064,5
20170811071,38
20170811072,19
20170811073,7
20170811074,5
20170811081,44
20170811082,22
20170811083,8
20170811084,7
20170811091,49
20170811092,24
20170811093,9
20170811094,8
20170811101,59
20170811102,27
20170811103,10
20170811104,9
20170811111,69
20170811112,29
20170811113,11
20170811114,10
20170811121,68
20170811122,28
20170811123,11
20170811124,10
20170811131,66
20170811132,28
20170811133,11
20170811134,10
20170811141,67
20170811142,28
20170811143,11
20170811144,10
20170811151,68
20170811152,28
20170811153,11
20170811154,10
20170811161,68
20170811162,28
20170811163,11
20170811164,10
20170811171,68
20170811172,28
20170811173,11
20170811174,10
20170811181,68
20170811182,28
20170811183,11
20170811184,10
20170811191,68
20170811192,28
20170811193,11
20170811194,10
20170811201,67
20170811202,28
20170811203,11
20170811204,10
20170811211,67
20170811212,28
20170811213,11
20170811214,10
20170811221,67
20170811222,28
20170811223,11
20170811224,10
20170811231,66
20170811232,28
20170811233,11
20170811234,10
20170812001,59
20170812002,27
20170812003,9
20170812004,8
20170812011,50
20170812012,24
20170812013,7
20170812014,6
20170812021,43
20170812022,20
20170812023,6
20170812024,5
20170812031,37
20170812032,17
20170812033,6
20170812034,5
20170812041,32
20170812042,15
20170812043,6
20170812044,5
20170812051,29
20170812052,15
20170812053,6
20170812054,5
20170812061,31
20170812062,16
20170812063,6
20170812064,5
20170812071,32
20170812072,18
20170812073,7
20170812074,5
20170812081,36
20170812082,19
20170812083,8
20170812084,7
20170812091,41
20170812092,22
20170812093,9
20170812094,8
20170812101,48
20170812102,25
20170812103,10
20170812104,9
20170812111,57
20170812112,27
20170812113,10
20170812114,10
20170812121,57
20170812122,28
20170812123,10
20170812124,10
20170812131,57
20170812132,28
20170812133,10
20170812134,10
20170812141,57
20170812142,28
20170812143,10
20170812144,10
20170812151,57
20170812152,28
20170812153,10
20170812154,10
20170812161,57
20170812162,28
20170812163,10
20170812164,10
20170812171,57
20170812172,28
20170812173,10
20170812174,10
20170812181,58
20170812182,28
20170812183,10
20170812184,10
20170812191,60
20170812192,28
20170812193,10
20170812194,10
20170812201,60
20170812202,28
20170812203,10
20170812204,10
20170812211,60
20170812212,28
20170812213,10
20170812214,10
20170812221,60
20170812222,28
20170812223,10
20170812224,10
20170812231,59
20170812232,28
20170812233,10
20170812234,10
20170813001,52
20170813002,27
20170813003,8
20170813004,8
20170813011,46
20170813012,23
20170813013,6
20170813014,6
20170813021,39
20170813022,20
20170813023,6
20170813024,5
20170813031,34
20170813032,17
20170813033,6
20170813034,5
20170813041,29
20170813042,15
20170813043,6
20170813044,5
20170813051,27
20170813052,15
20170813053,6
20170813054,5
20170813061,29
20170813062,16
20170813063,6
20170813064,5
20170813071,32
20170813072,17
20170813073,7
20170813074,5
20170813081,36
20170813082,18
20170813083,8
20170813084,7
20170813091,41
20170813092,20
20170813093,9
20170813094,8
20170813101,48
20170813102,24
20170813103,10
20170813104,9
20170813111,57
20170813112,26
20170813113,10
20170813114,10
20170813121,57
20170813122,27
20170813123,10
20170813124,10
20170813131,56
20170813132,28
20170813133,10
20170813134,10
20170813141,56
20170813142,28
20170813143,10
20170813144,10
20170813151,56
20170813152,28
20170813153,10
20170813154,10
20170813161,56
20170813162,28
20170813163,10
20170813164,10
20170813171,56
20170813172,28
20170813173,10
20170813174,10
20170813181,56
20170813182,28
20170813183,10
20170813184,10
20170813191,57
20170813192,28
20170813193,10
20170813194,10
20170813201,58
20170813202,28
20170813203,10
20170813204,10
20170813211,58
20170813212,28
20170813213,10
20170813214,10
20170813221,58
20170813222,28
20170813223,10
20170813224,10
20170813231,58
20170813232,28
20170813233,10
20170813234,10
20170814001,52
20170814002,27
20170814003,8
20170814004,8
20170814011,45
20170814012,24
20170814013,6
20170814014,6
20170814021,39
20170814022,21
20170814023,6
20170814024,5
20170814031,34
20170814032,18
20170814033,6
20170814034,5
20170814041,30
20170814042,16
20170814043,6
20170814044,5
20170814051,31
20170814052,17
20170814053,6
20170814054,5
20170814061,33
20170814062,18
20170814063,6
20170814064,5
20170814071,39
20170814072,20
20170814073,7
20170814074,5
20170814081,47
20170814082,22
20170814083,8
20170814084,7
20170814091,54
20170814092,25
20170814093,9
20170814094,8
20170814101,69
20170814102,28
20170814103,10
20170814104,10
20170814111,78
20170814112,30
20170814113,11
20170814114,11
20170814121,77
20170814122,30
20170814123,12
20170814124,11
20170814131,75
20170814132,29
20170814133,12
20170814134,11
20170814141,74
20170814142,29
20170814143,13
20170814144,11
20170814151,73
20170814152,29
20170814153,13
20170814154,11
20170814161,72
20170814162,29
20170814163,13
20170814164,11
20170814171,72
20170814172,29
20170814173,13
20170814174,11
20170814181,72
20170814182,29
20170814183,13
20170814184,11
20170814191,72
20170814192,29
20170814193,13
20170814194,11
20170814201,71
20170814202,29
20170814203,13
20170814204,11
20170814211,68
20170814212,29
20170814213,13
20170814214,11
20170814221,67
20170814222,29
20170814223,13
20170814224,11
20170814231,66
20170814232,29
20170814233,13
20170814234,11
20170815001,61
20170815002,28
20170815003,9
20170815004,9
20170815011,52
20170815012,25
20170815013,7
20170815014,6
20170815021,45
20170815022,22
20170815023,6
20170815024,5
20170815031,38
20170815032,18
20170815033,6
20170815034,5
20170815041,34
20170815042,16
20170815043,6
20170815044,5
20170815051,32
20170815052,16
20170815053,6
20170815054,5
20170815061,38
20170815062,17
20170815063,6
20170815064,5
20170815071,44
20170815072,20
20170815073,7
20170815074,6
20170815081,49
20170815082,23
20170815083,8
20170815084,7
20170815091,58
20170815092,26
20170815093,9
20170815094,8
20170815101,73
20170815102,28
20170815103,10
20170815104,10
20170815111,77
20170815112,30
20170815113,12
20170815114,10
20170815121,76
20170815122,30
20170815123,12
20170815124,10
20170815131,74
20170815132,29
20170815133,12
20170815134,10
20170815141,73
20170815142,29
20170815143,12
20170815144,10
20170815151,72
20170815152,29
20170815153,12
20170815154,10
20170815161,71
20170815162,29
20170815163,12
20170815164,10
20170815171,70
20170815172,29
20170815173,12
20170815174,10
20170815181,70
20170815182,29
20170815183,12
20170815184,10
20170815191,70
20170815192,29
20170815193,12
20170815194,10
20170815201,68
20170815202,29
20170815203,12
20170815204,10
20170815211,67
20170815212,29
20170815213,12
20170815214,10
20170815221,67
20170815222,29
20170815223,12
20170815224,10
20170815231,67
20170815232,29
20170815233,12
20170815234,10
20170816001,62
20170816002,28
20170816003,9
20170816004,8
20170816011,53
20170816012,25
20170816013,7
20170816014,6
20170816021,45
20170816022,22
20170816023,6
20170816024,5
20170816031,38
20170816032,18
20170816033,6
20170816034,5
20170816041,34
20170816042,16
20170816043,6
20170816044,5
20170816051,32
20170816052,16
20170816053,6
20170816054,5
20170816061,37
20170816062,17
20170816063,6
20170816064,5
20170816071,41
20170816072,20
20170816073,7
20170816074,5
20170816081,48
20170816082,23
20170816083,8
20170816084,7
20170816091,58
20170816092,26
20170816093,9
20170816094,8
20170816101,71
20170816102,28
20170816103,10
20170816104,9
20170816111,77
20170816112,30
20170816113,11
20170816114,10
20170816121,76
20170816122,30
20170816123,11
20170816124,10
20170816131,74
20170816132,29
20170816133,11
20170816134,10
20170816141,73
20170816142,29
20170816143,11
20170816144,10
20170816151,72
20170816152,29
20170816153,11
20170816154,10
20170816161,71
20170816162,29
20170816163,11
20170816164,10
20170816171,69
20170816172,29
20170816173,11
20170816174,10
20170816181,68
20170816182,29
20170816183,11
20170816184,10
20170816191,68
20170816192,29
20170816193,11
20170816194,10
20170816201,67
20170816202,29
20170816203,11
20170816204,10
20170816211,67
20170816212,29
20170816213,11
20170816214,10
20170816221,67
20170816222,29
20170816223,11
20170816224,10
20170816231,67
20170816232,29
20170816233,11
20170816234,10
20170817001,62
20170817002,28
20170817003,9
20170817004,8
20170817011,53
20170817012,25
20170817013,7
20170817014,6
20170817021,45
20170817022,22
20170817023,6
20170817024,5
20170817031,38
20170817032,18
20170817033,6
20170817034,5
20170817041,34
20170817042,16
20170817043,6
20170817044,5
20170817051,32
20170817052,16
20170817053,6
20170817054,5
20170817061,37
20170817062,17
20170817063,6
20170817064,5
20170817071,41
20170817072,20
20170817073,7
20170817074,5
20170817081,47
20170817082,23
20170817083,8
20170817084,7
20170817091,58
20170817092,26
20170817093,9
20170817094,8
20170817101,71
20170817102,28
20170817103,10
20170817104,9
20170817111,76
20170817112,30
20170817113,11
20170817114,10
20170817121,75
20170817122,30
20170817123,11
20170817124,10
20170817131,73
20170817132,29
20170817133,11
20170817134,10
20170817141,72
20170817142,29
20170817143,11
20170817144,10
20170817151,71
20170817152,29
20170817153,11
20170817154,10
20170817161,69
20170817162,29
20170817163,11
20170817164,10
20170817171,68
20170817172,29
20170817173,11
20170817174,10
20170817181,68
20170817182,29
20170817183,11
20170817184,10
20170817191,68
20170817192,29
20170817193,11
20170817194,10
20170817201,67
20170817202,29
20170817203,11
20170817204,10
20170817211,67
20170817212,29
20170817213,11
20170817214,10
20170817221,67
20170817222,29
20170817223,11
20170817224,10
20170817231,67
20170817232,29
20170817233,11
20170817234,10
20170818001,61
20170818002,28
20170818003,9
20170818004,8
20170818011,52
20170818012,25
20170818013,7
20170818014,6
20170818021,44
20170818022,21
20170818023,6
20170818024,5
20170818031,37
20170818032,17
20170818033,6
20170818034,5
20170818041,32
20170818042,15
20170818043,6
20170818044,5
20170818051,30
20170818052,15
20170818053,6
20170818054,5
20170818061,33
20170818062,17
20170818063,6
20170818064,5
20170818071,38
20170818072,19
20170818073,7
20170818074,5
20170818081,44
20170818082,22
20170818083,8
20170818084,7
20170818091,49
20170818092,24
20170818093,9
20170818094,8
20170818101,60
20170818102,27
20170818103,10
20170818104,9
20170818111,69
20170818112,29
20170818113,11
20170818114,10
20170818121,69
20170818122,28
20170818123,11
20170818124,10
20170818131,66
20170818132,28
20170818133,11
20170818134,10
20170818141,67
20170818142,28
20170818143,11
20170818144,10
20170818151,68
20170818152,28
20170818153,11
20170818154,10
20170818161,68
20170818162,28
20170818163,11
20170818164,10
20170818171,68
20170818172,28
20170818173,11
20170818174,10
20170818181,68
20170818182,28
20170818183,11
20170818184,10
20170818191,68
20170818192,28
20170818193,11
20170818194,10
20170818201,67
20170818202,28
20170818203,11
20170818204,10
20170818211,67
20170818212,28
20170818213,11
20170818214,10
20170818221,67
20170818222,28
20170818223,11
20170818224,10
20170818231,67
20170818232,28
20170818233,11
20170818234,10
20170819001,60
20170819002,27
20170819003,9
20170819004,8
20170819011,52
20170819012,24
20170819013,7
20170819014,6
20170819021,44
20170819022,20
20170819023,6
20170819024,5
20170819031,37
20170819032,17
20170819033,6
20170819034,5
20170819041,32
20170819042,15
20170819043,6
20170819044,5
20170819051,29
20170819052,15
20170819053,6
20170819054,5
20170819061,31
20170819062,16
20170819063,6
20170819064,5
20170819071,32
20170819072,18
20170819073,7
20170819074,5
20170819081,36
20170819082,19
20170819083,8
20170819084,7
20170819091,41
20170819092,22
20170819093,9
20170819094,8
20170819101,48
20170819102,25
20170819103,10
20170819104,9
20170819111,58
20170819112,27
20170819113,10
20170819114,10
20170819121,58
20170819122,28
20170819123,10
20170819124,10
20170819131,57
20170819132,28
20170819133,10
20170819134,10
20170819141,57
20170819142,28
20170819143,10
20170819144,10
20170819151,57
20170819152,28
20170819153,10
20170819154,10
20170819161,57
20170819162,28
20170819163,10
20170819164,10
20170819171,57
20170819172,28
20170819173,10
20170819174,10
20170819181,58
20170819182,28
20170819183,10
20170819184,10
20170819191,60
20170819192,28
20170819193,10
20170819194,10
20170819201,60
20170819202,28
20170819203,10
20170819204,10
20170819211,60
20170819212,28
20170819213,10
20170819214,10
20170819221,60
20170819222,28
20170819223,10
20170819224,10
20170819231,60
20170819232,28
20170819233,10
20170819234,10
20170820001,53
20170820002,26
20170820003,8
20170820004,8
20170820011,46
20170820012,22
20170820013,6
20170820014,6
20170820021,40
20170820022,18
20170820023,6
20170820024,5
20170820031,35
20170820032,15
20170820033,6
20170820034,5
20170820041,29
20170820042,14
20170820043,6
20170820044,5
20170820051,27
20170820052,13
20170820053,6
20170820054,5
20170820061,29
20170820062,14
20170820063,6
20170820064,5
20170820071,32
20170820072,15
20170820073,7
20170820074,5
20170820081,36
20170820082,18
20170820083,8
20170820084,7
20170820091,41
20170820092,20
20170820093,9
20170820094,8
20170820101,48
20170820102,24
20170820103,10
20170820104,9
20170820111,57
20170820112,26
20170820113,10
20170820114,10
20170820121,57
20170820122,27
20170820123,10
20170820124,10
20170820131,56
20170820132,28
20170820133,10
20170820134,10
20170820141,56
20170820142,27
20170820143,10
20170820144,10
20170820151,56
20170820152,28
20170820153,10
20170820154,10
20170820161,56
20170820162,27
20170820163,10
20170820164,10
20170820171,56
20170820172,28
20170820173,10
20170820174,10
20170820181,56
20170820182,27
20170820183,10
20170820184,10
20170820191,57
20170820192,28
20170820193,10
20170820194,10
20170820201,58
20170820202,27
20170820203,10
20170820204,10
20170820211,58
20170820212,28
20170820213,10
20170820214,10
20170820221,58
20170820222,27
20170820223,10
20170820224,10
20170820231,58
20170820232,28
20170820233,10
20170820234,10
20170821001,53
20170821002,27
20170821003,8
20170821004,8
20170821011,45
20170821012,24
20170821013,6
20170821014,6
20170821021,39
20170821022,21
20170821023,6
20170821024,5
20170821031,34
20170821032,18
20170821033,6
20170821034,5
20170821041,30
20170821042,16
20170821043,6
20170821044,5
20170821051,31
20170821052,16
20170821053,6
20170821054,5
20170821061,33
20170821062,18
20170821063,6
20170821064,5
20170821071,39
20170821072,20
20170821073,7
20170821074,5
20170821081,47
20170821082,22
20170821083,8
20170821084,7
20170821091,54
20170821092,25
20170821093,9
20170821094,8
20170821101,69
20170821102,28
20170821103,10
20170821104,10
20170821111,78
20170821112,30
20170821113,11
20170821114,11
20170821121,78
20170821122,29
20170821123,12
20170821124,11
20170821131,77
20170821132,28
20170821133,12
20170821134,11
20170821141,76
20170821142,28
20170821143,13
20170821144,11
20170821151,75
20170821152,28
20170821153,13
20170821154,11
20170821161,74
20170821162,28
20170821163,13
20170821164,11
20170821171,73
20170821172,28
20170821173,13
20170821174,11
20170821181,73
20170821182,28
20170821183,13
20170821184,11
20170821191,73
20170821192,28
20170821193,13
20170821194,11
20170821201,71
20170821202,28
20170821203,13
20170821204,11
20170821211,68
20170821212,28
20170821213,13
20170821214,11
20170821221,67
20170821222,28
20170821223,13
20170821224,11
20170821231,66
20170821232,28
20170821233,13
20170821234,11
20170822001,61
20170822002,28
20170822003,9
20170822004,9
20170822011,52
20170822012,25
20170822013,7
20170822014,6
20170822021,45
20170822022,22
20170822023,6
20170822024,5
20170822031,38
20170822032,18
20170822033,6
20170822034,5
20170822041,34
20170822042,16
20170822043,6
20170822044,5
20170822051,32
20170822052,16
20170822053,6
20170822054,5
20170822061,38
20170822062,17
20170822063,6
20170822064,5
20170822071,44
20170822072,20
20170822073,7
20170822074,6
20170822081,49
20170822082,23
20170822083,8
20170822084,7
20170822091,58
20170822092,26
20170822093,9
20170822094,8
20170822101,73
20170822102,28
20170822103,10
20170822104,10
20170822111,77
20170822112,30
20170822113,12
20170822114,11
20170822121,76
20170822122,29
20170822123,12
20170822124,11
20170822131,75
20170822132,28
20170822133,12
20170822134,11
20170822141,74
20170822142,28
20170822143,12
20170822144,11
20170822151,73
20170822152,28
20170822153,12
20170822154,11
20170822161,72
20170822162,28
20170822163,12
20170822164,11
20170822171,71
20170822172,28
20170822173,12
20170822174,11
20170822181,71
20170822182,28
20170822183,12
20170822184,11
20170822191,71
20170822192,28
20170822193,12
20170822194,11
20170822201,69
20170822202,28
20170822203,12
20170822204,11
20170822211,67
20170822212,28
20170822213,12
20170822214,11
20170822221,67
20170822222,28
20170822223,12
20170822224,11
20170822231,67
20170822232,28
20170822233,12
20170822234,11
20170823001,62
20170823002,28
20170823003,9
20170823004,9
20170823011,53
20170823012,25
20170823013,7
20170823014,6
20170823021,45
20170823022,22
20170823023,6
20170823024,5
20170823031,38
20170823032,18
20170823033,6
20170823034,5
20170823041,34
20170823042,16
20170823043,6
20170823044,5
20170823051,32
20170823052,16
20170823053,6
20170823054,5
20170823061,37
20170823062,17
20170823063,6
20170823064,5
20170823071,41
20170823072,20
20170823073,7
20170823074,6
20170823081,48
20170823082,23
20170823083,8
20170823084,7
20170823091,59
20170823092,26
20170823093,9
20170823094,8
20170823101,71
20170823102,28
20170823103,10
20170823104,10
20170823111,76
20170823112,30
20170823113,11
20170823114,11
20170823121,75
20170823122,29
20170823123,11
20170823124,11
20170823131,73
20170823132,28
20170823133,11
20170823134,11
20170823141,72
20170823142,28
20170823143,11
20170823144,11
20170823151,71
20170823152,28
20170823153,11
20170823154,11
20170823161,70
20170823162,28
20170823163,11
20170823164,11
20170823171,69
20170823172,28
20170823173,11
20170823174,11
20170823181,69
20170823182,28
20170823183,11
20170823184,11
20170823191,69
20170823192,28
20170823193,11
20170823194,11
20170823201,67
20170823202,28
20170823203,11
20170823204,11
20170823211,67
20170823212,28
20170823213,11
20170823214,11
20170823221,67
20170823222,28
20170823223,11
20170823224,11
20170823231,67
20170823232,28
20170823233,11
20170823234,11
20170824001,61
20170824002,28
20170824003,9
20170824004,9
20170824011,52
20170824012,25
20170824013,7
20170824014,6
20170824021,44
20170824022,22
20170824023,6
20170824024,5
20170824031,37
20170824032,18
20170824033,6
20170824034,5
20170824041,32
20170824042,16
20170824043,6
20170824044,5
20170824051,31
20170824052,16
20170824053,6
20170824054,5
20170824061,34
20170824062,17
20170824063,6
20170824064,5
20170824071,39
20170824072,20
20170824073,7
20170824074,6
20170824081,46
20170824082,23
20170824083,8
20170824084,7
20170824091,59
20170824092,26
20170824093,9
20170824094,8
20170824101,72
20170824102,28
20170824103,10
20170824104,9
20170824111,77
20170824112,30
20170824113,11
20170824114,10
20170824121,76
20170824122,29
20170824123,11
20170824124,11
20170824131,73
20170824132,28
20170824133,11
20170824134,11
20170824141,71
20170824142,28
20170824143,11
20170824144,11
20170824151,69
20170824152,28
20170824153,11
20170824154,11
20170824161,68
20170824162,28
20170824163,11
20170824164,11
20170824171,68
20170824172,28
20170824173,11
20170824174,11
20170824181,68
20170824182,28
20170824183,11
20170824184,11
20170824191,68
20170824192,28
20170824193,11
20170824194,11
20170824201,67
20170824202,28
20170824203,11
20170824204,11
20170824211,67
20170824212,28
20170824213,11
20170824214,11
20170824221,67
20170824222,28
20170824223,11
20170824224,11
20170824231,67
20170824232,28
20170824233,11
20170824234,11
20170825001,61
20170825002,28
20170825003,9
20170825004,9
20170825011,52
20170825012,25
20170825013,7
20170825014,6
20170825021,44
20170825022,21
20170825023,6
20170825024,5
20170825031,37
20170825032,17
20170825033,6
20170825034,5
20170825041,32
20170825042,15
20170825043,6
20170825044,5
20170825051,30
20170825052,15
20170825053,6
20170825054,5
20170825061,33
20170825062,17
20170825063,6
20170825064,5
20170825071,38
20170825072,19
20170825073,7
20170825074,6
20170825081,44
20170825082,22
20170825083,8
20170825084,7
20170825091,49
20170825092,24
20170825093,9
20170825094,8
20170825101,60
20170825102,27
20170825103,10
20170825104,9
20170825111,69
20170825112,29
20170825113,11
20170825114,10
20170825121,69
20170825122,28
20170825123,11
20170825124,11
20170825131,66
20170825132,28
20170825133,11
20170825134,11
20170825141,67
20170825142,28
20170825143,11
20170825144,11
20170825151,68
20170825152,28
20170825153,11
20170825154,11
20170825161,68
20170825162,28
20170825163,11
20170825164,11
20170825171,68
20170825172,28
20170825173,11
20170825174,11
20170825181,68
20170825182,28
20170825183,11
20170825184,11
20170825191,68
20170825192,28
20170825193,11
20170825194,11
20170825201,67
20170825202,28
20170825203,11
20170825204,11
20170825211,67
20170825212,28
20170825213,11
20170825214,11
20170825221,67
20170825222,28
20170825223,11
20170825224,11
20170825231,67
20170825232,28
20170825233,11
20170825234,11
20170826001,60
20170826002,27
20170826003,9
20170826004,9
20170826011,52
20170826012,24
20170826013,7
20170826014,6
20170826021,44
20170826022,20
20170826023,6
20170826024,5
20170826031,37
20170826032,17
20170826033,6
20170826034,5
20170826041,32
20170826042,15
20170826043,6
20170826044,5
20170826051,29
20170826052,15
20170826053,6
20170826054,5
20170826061,31
20170826062,16
20170826063,6
20170826064,5
20170826071,32
20170826072,18
20170826073,7
20170826074,6
20170826081,36
20170826082,19
20170826083,8
20170826084,7
20170826091,41
20170826092,22
20170826093,9
20170826094,8
20170826101,48
20170826102,25
20170826103,10
20170826104,9
20170826111,58
20170826112,27
20170826113,10
20170826114,10
20170826121,59
20170826122,28
20170826123,10
20170826124,10
20170826131,58
20170826132,28
20170826133,10
20170826134,10
20170826141,58
20170826142,28
20170826143,10
20170826144,10
20170826151,57
20170826152,28
20170826153,10
20170826154,10
20170826161,57
20170826162,28
20170826163,10
20170826164,10
20170826171,58
20170826172,28
20170826173,10
20170826174,10
20170826181,59
20170826182,28
20170826183,10
20170826184,10
20170826191,61
20170826192,28
20170826193,10
20170826194,10
20170826201,60
20170826202,28
20170826203,10
20170826204,10
20170826211,60
20170826212,28
20170826213,10
20170826214,10
20170826221,60
20170826222,28
20170826223,10
20170826224,10
20170826231,60
20170826232,28
20170826233,10
20170826234,10
20170827001,54
20170827002,26
20170827003,8
20170827004,8
20170827011,46
20170827012,22
20170827013,6
20170827014,6
20170827021,40
20170827022,18
20170827023,6
20170827024,5
20170827031,35
20170827032,15
20170827033,6
20170827034,5
20170827041,29
20170827042,14
20170827043,6
20170827044,5
20170827051,27
20170827052,13
20170827053,6
20170827054,5
20170827061,29
20170827062,14
20170827063,6
20170827064,5
20170827071,32
20170827072,15
20170827073,7
20170827074,5
20170827081,36
20170827082,18
20170827083,8
20170827084,7
20170827091,41
20170827092,20
20170827093,9
20170827094,8
20170827101,48
20170827102,24
20170827103,10
20170827104,9
20170827111,58
20170827112,26
20170827113,10
20170827114,10
20170827121,58
20170827122,27
20170827123,10
20170827124,10
20170827131,57
20170827132,28
20170827133,10
20170827134,10
20170827141,57
20170827142,27
20170827143,10
20170827144,10
20170827151,57
20170827152,28
20170827153,10
20170827154,10
20170827161,57
20170827162,27
20170827163,10
20170827164,10
20170827171,57
20170827172,28
20170827173,10
20170827174,10
20170827181,58
20170827182,27
20170827183,10
20170827184,10
20170827191,59
20170827192,28
20170827193,10
20170827194,10
20170827201,59
20170827202,27
20170827203,10
20170827204,10
20170827211,59
20170827212,28
20170827213,10
20170827214,10
20170827221,59
20170827222,27
20170827223,10
20170827224,10
20170827231,59
20170827232,28
20170827233,10
20170827234,10
20170828001,53
20170828002,27
20170828003,8
20170828004,8
20170828011,45
20170828012,24
20170828013,6
20170828014,6
20170828021,39
20170828022,21
20170828023,6
20170828024,5
20170828031,34
20170828032,18
20170828033,6
20170828034,5
20170828041,30
20170828042,16
20170828043,6
20170828044,5
20170828051,31
20170828052,16
20170828053,6
20170828054,5
20170828061,33
20170828062,18
20170828063,6
20170828064,5
20170828071,39
20170828072,20
20170828073,7
20170828074,5
20170828081,48
20170828082,22
20170828083,8
20170828084,7
20170828091,55
20170828092,25
20170828093,9
20170828094,8
20170828101,69
20170828102,28
20170828103,10
20170828104,10
20170828111,80
20170828112,31
20170828113,11
20170828114,11
20170828121,78
20170828122,30
20170828123,12
20170828124,11
20170828131,77
20170828132,29
20170828133,12
20170828134,11
20170828141,76
20170828142,28
20170828143,12
20170828144,11
20170828151,75
20170828152,28
20170828153,13
20170828154,11
20170828161,74
20170828162,28
20170828163,13
20170828164,11
20170828171,73
20170828172,28
20170828173,13
20170828174,11
20170828181,73
20170828182,28
20170828183,13
20170828184,11
20170828191,73
20170828192,28
20170828193,13
20170828194,11
20170828201,71
20170828202,28
20170828203,13
20170828204,11
20170828211,68
20170828212,28
20170828213,13
20170828214,11
20170828221,67
20170828222,28
20170828223,13
20170828224,11
20170828231,66
20170828232,28
20170828233,13
20170828234,11
20170829001,61
20170829002,28
20170829003,9
20170829004,9
20170829011,52
20170829012,25
20170829013,7
20170829014,6
20170829021,45
20170829022,22
20170829023,6
20170829024,5
20170829031,38
20170829032,18
20170829033,6
20170829034,5
20170829041,34
20170829042,16
20170829043,6
20170829044,5
20170829051,32
20170829052,16
20170829053,6
20170829054,5
20170829061,37
20170829062,17
20170829063,6
20170829064,5
20170829071,40
20170829072,20
20170829073,7
20170829074,6
20170829081,47
20170829082,23
20170829083,8
20170829084,7
20170829091,59
20170829092,26
20170829093,9
20170829094,8
20170829101,73
20170829102,28
20170829103,10
20170829104,10
20170829111,77
20170829112,30
20170829113,12
20170829114,11
20170829121,76
20170829122,30
20170829123,12
20170829124,11
20170829131,75
20170829132,29
20170829133,12
20170829134,11
20170829141,75
20170829142,28
20170829143,12
20170829144,11
20170829151,74
20170829152,28
20170829153,12
20170829154,11
20170829161,72
20170829162,28
20170829163,12
20170829164,11
20170829171,71
20170829172,28
20170829173,12
20170829174,11
20170829181,71
20170829182,28
20170829183,12
20170829184,11
20170829191,71
20170829192,28
20170829193,12
20170829194,11
20170829201,69
20170829202,28
20170829203,12
20170829204,11
20170829211,67
20170829212,28
20170829213,12
20170829214,11
20170829221,67
20170829222,28
20170829223,12
20170829224,11
20170829231,67
20170829232,28
20170829233,12
20170829234,11
20170830001,62
20170830002,28
20170830003,9
20170830004,9
20170830011,53
20170830012,25
20170830013,7
20170830014,6
20170830021,45
20170830022,22
20170830023,6
20170830024,5
20170830031,39
20170830032,18
20170830033,6
20170830034,5
20170830041,34
20170830042,16
20170830043,6
20170830044,5
20170830051,32
20170830052,16
20170830053,6
20170830054,5
20170830061,37
20170830062,17
20170830063,6
20170830064,5
20170830071,40
20170830072,20
20170830073,7
20170830074,6
20170830081,47
20170830082,23
20170830083,8
20170830084,7
20170830091,60
20170830092,26
20170830093,9
20170830094,8
20170830101,71
20170830102,28
20170830103,10
20170830104,10
20170830111,77
20170830112,30
20170830113,11
20170830114,11
20170830121,76
20170830122,29
20170830123,11
20170830124,11
20170830131,74
20170830132,28
20170830133,11
20170830134,11
20170830141,73
20170830142,28
20170830143,11
20170830144,11
20170830151,72
20170830152,28
20170830153,11
20170830154,11
20170830161,71
20170830162,28
20170830163,11
20170830164,11
20170830171,69
20170830172,28
20170830173,11
20170830174,11
20170830181,69
20170830182,28
20170830183,11
20170830184,11
20170830191,69
20170830192,28
20170830193,11
20170830194,11
20170830201,67
20170830202,28
20170830203,11
20170830204,11
20170830211,67
20170830212,28
20170830213,11
20170830214,11
20170830221,67
20170830222,28
20170830223,11
20170830224,11
20170830231,67
20170830232,28
20170830233,11
20170830234,11
20170831001,62
20170831002,28
20170831003,9
20170831004,9
20170831011,53
20170831012,25
20170831013,7
20170831014,6
20170831021,45
20170831022,22
20170831023,6
20170831024,5
20170831031,38
20170831032,18
20170831033,6
20170831034,5
20170831041,34
20170831042,15
20170831043,6
20170831044,5
20170831051,31
20170831052,15
20170831053,6
20170831054,5
20170831061,34
20170831062,17
20170831063,6
20170831064,5
20170831071,39
20170831072,20
20170831073,7
20170831074,6
20170831081,45
20170831082,23
20170831083,8
20170831084,7
20170831091,57
20170831092,26
20170831093,9
20170831094,8
20170831101,74
20170831102,28
20170831103,10
20170831104,9
20170831111,78
20170831112,30
20170831113,11
20170831114,10
20170831121,77
20170831122,29
20170831123,11
20170831124,11
20170831131,74
20170831132,28
20170831133,11
20170831134,11
20170831141,72
20170831142,28
20170831143,11
20170831144,11
20170831151,71
20170831152,28
20170831153,11
20170831154,11
20170831161,69
20170831162,28
20170831163,11
20170831164,11
20170831171,68
20170831172,28
20170831173,11
20170831174,11
20170831181,68
20170831182,28
20170831183,11
20170831184,11
20170831191,68
20170831192,28
20170831193,11
20170831194,11
20170831201,67
20170831202,28
20170831203,11
20170831204,11
20170831211,67
20170831212,28
20170831213,11
20170831214,11
20170831221,67
20170831222,28
20170831223,11
20170831224,11
20170831231,67
20170831232,28
20170831233,11
20170831234,11
20170901001,62
20170901002,28
20170901003,9
20170901004,9
20170901011,53
20170901012,25
20170901013,7
20170901014,6
20170901021,45
20170901022,21
20170901023,6
20170901024,5
20170901031,38
20170901032,17
20170901033,6
20170901034,5
20170901041,34
20170901042,15
20170901043,6
20170901044,5
20170901051,31
20170901052,15
20170901053,6
20170901054,5
20170901061,33
20170901062,16
20170901063,6
20170901064,5
20170901071,38
20170901072,19
20170901073,7
20170901074,6
20170901081,44
20170901082,22
20170901083,8
20170901084,7
20170901091,49
20170901092,24
20170901093,9
20170901094,8
20170901101,60
20170901102,27
20170901103,10
20170901104,9
20170901111,70
20170901112,29
20170901113,11
20170901114,10
20170901121,71
20170901122,28
20170901123,11
20170901124,11
20170901131,67
20170901132,28
20170901133,11
20170901134,11
20170901141,68
20170901142,28
20170901143,11
20170901144,11
20170901151,68
20170901152,28
20170901153,11
20170901154,11
20170901161,68
20170901162,28
20170901163,11
20170901164,11
20170901171,68
20170901172,28
20170901173,11
20170901174,11
20170901181,68
20170901182,28
20170901183,11
20170901184,11
20170901191,68
20170901192,28
20170901193,11
20170901194,11
20170901201,67
20170901202,28
20170901203,11
20170901204,11
20170901211,67
20170901212,28
20170901213,11
20170901214,11
20170901221,67
20170901222,28
20170901223,11
20170901224,11
20170901231,67
20170901232,28
20170901233,11
20170901234,11
20170902001,60
20170902002,27
20170902003,9
20170902004,9
20170902011,52
20170902012,24
20170902013,7
20170902014,6
20170902021,44
20170902022,20
20170902023,6
20170902024,5
20170902031,37
20170902032,17
20170902033,6
20170902034,5
20170902041,32
20170902042,15
20170902043,6
20170902044,5
20170902051,29
20170902052,15
20170902053,6
20170902054,5
20170902061,31
20170902062,16
20170902063,6
20170902064,5
20170902071,32
20170902072,18
20170902073,7
20170902074,6
20170902081,36
20170902082,19
20170902083,8
20170902084,7
20170902091,41
20170902092,22
20170902093,9
20170902094,8
20170902101,47
20170902102,25
20170902103,10
20170902104,9
20170902111,57
20170902112,27
20170902113,10
20170902114,10
20170902121,58
20170902122,28
20170902123,10
20170902124,10
20170902131,57
20170902132,28
20170902133,10
20170902134,10
20170902141,57
20170902142,28
20170902143,10
20170902144,10
20170902151,57
20170902152,28
20170902153,10
20170902154,10
20170902161,57
20170902162,28
20170902163,10
20170902164,10
20170902171,58
20170902172,28
20170902173,10
20170902174,10
20170902181,59
20170902182,28
20170902183,10
20170902184,10
20170902191,61
20170902192,28
20170902193,10
20170902194,10
20170902201,60
20170902202,28
20170902203,10
20170902204,10
20170902211,60
20170902212,28
20170902213,10
20170902214,10
20170902221,60
20170902222,28
20170902223,10
20170902224,10
20170902231,60
20170902232,28
20170902233,10
20170902234,10
20170903001,53
20170903002,27
20170903003,8
20170903004,8
20170903011,46
20170903012,23
20170903013,6
20170903014,6
20170903021,39
20170903022,20
20170903023,6
20170903024,5
20170903031,34
20170903032,17
20170903033,6
20170903034,5
20170903041,29
20170903042,15
20170903043,6
20170903044,5
20170903051,27
20170903052,15
20170903053,6
20170903054,5
20170903061,29
20170903062,16
20170903063,6
20170903064,5
20170903071,32
20170903072,17
20170903073,7
20170903074,5
20170903081,36
20170903082,18
20170903083,8
20170903084,7
20170903091,41
20170903092,20
20170903093,9
20170903094,8
20170903101,47
20170903102,24
20170903103,10
20170903104,9
20170903111,57
20170903112,26
20170903113,10
20170903114,10
20170903121,57
20170903122,27
20170903123,10
20170903124,10
20170903131,56
20170903132,28
20170903133,10
20170903134,10
20170903141,56
20170903142,28
20170903143,10
20170903144,10
20170903151,56
20170903152,28
20170903153,10
20170903154,10
20170903161,56
20170903162,28
20170903163,10
20170903164,10
20170903171,56
20170903172,28
20170903173,10
20170903174,10
20170903181,56
20170903182,28
20170903183,10
20170903184,10
20170903191,57
20170903192,28
20170903193,10
20170903194,10
20170903201,58
20170903202,28
20170903203,10
20170903204,10
20170903211,58
20170903212,28
20170903213,10
20170903214,10
20170903221,58
20170903222,28
20170903223,10
20170903224,10
20170903231,58
20170903232,28
20170903233,10
20170903234,10
20170904001,53
20170904002,27
20170904003,8
20170904004,8
20170904011,45
20170904012,24
20170904013,6
20170904014,6
20170904021,39
20170904022,21
20170904023,6
20170904024,5
20170904031,34
20170904032,18
20170904033,6
20170904034,5
20170904041,30
20170904042,16
20170904043,6
20170904044,5
20170904051,31
20170904052,17
20170904053,6
20170904054,5
20170904061,33
20170904062,18
20170904063,6
20170904064,5
20170904071,38
20170904072,20
20170904073,7
20170904074,5
20170904081,47
20170904082,22
20170904083,8
20170904084,7
20170904091,54
20170904092,25
20170904093,9
20170904094,8
20170904101,69
20170904102,28
20170904103,10
20170904104,10
20170904111,77
20170904112,30
20170904113,11
20170904114,11
20170904121,76
20170904122,30
20170904123,12
20170904124,11
20170904131,74
20170904132,29
20170904133,12
20170904134,11
20170904141,73
20170904142,29
20170904143,13
20170904144,11
20170904151,72
20170904152,29
20170904153,13
20170904154,11
20170904161,72
20170904162,29
20170904163,13
20170904164,11
20170904171,72
20170904172,29
20170904173,13
20170904174,11
20170904181,72
20170904182,29
20170904183,13
20170904184,11
20170904191,72
20170904192,29
20170904193,13
20170904194,11
20170904201,71
20170904202,29
20170904203,13
20170904204,11
20170904211,68
20170904212,29
20170904213,13
20170904214,11
20170904221,67
20170904222,29
20170904223,13
20170904224,11
20170904231,66
20170904232,29
20170904233,13
20170904234,11
20170905001,61
20170905002,28
20170905003,9
20170905004,9
20170905011,52
20170905012,25
20170905013,7
20170905014,6
20170905021,45
20170905022,22
20170905023,6
20170905024,5
20170905031,38
20170905032,18
20170905033,6
20170905034,5
20170905041,34
20170905042,16
20170905043,6
20170905044,5
20170905051,32
20170905052,16
20170905053,6
20170905054,5
20170905061,37
20170905062,17
20170905063,6
20170905064,5
20170905071,41
20170905072,20
20170905073,7
20170905074,6
20170905081,47
20170905082,23
20170905083,8
20170905084,7
20170905091,57
20170905092,26
20170905093,9
20170905094,8
20170905101,73
20170905102,28
20170905103,10
20170905104,10
20170905111,77
20170905112,30
20170905113,12
20170905114,10
20170905121,77
20170905122,30
20170905123,12
20170905124,10
20170905131,74
20170905132,29
20170905133,12
20170905134,10
20170905141,73
20170905142,29
20170905143,12
20170905144,10
20170905151,72
20170905152,29
20170905153,12
20170905154,10
20170905161,71
20170905162,29
20170905163,12
20170905164,10
20170905171,70
20170905172,29
20170905173,12
20170905174,10
20170905181,70
20170905182,29
20170905183,12
20170905184,10
20170905191,70
20170905192,29
20170905193,12
20170905194,10
20170905201,68
20170905202,29
20170905203,12
20170905204,10
20170905211,67
20170905212,29
20170905213,12
20170905214,10
20170905221,67
20170905222,29
20170905223,12
20170905224,10
20170905231,67
20170905232,29
20170905233,12
20170905234,10
20170906001,62
20170906002,28
20170906003,9
20170906004,8
20170906011,53
20170906012,25
20170906013,7
20170906014,6
20170906021,45
20170906022,22
20170906023,6
20170906024,5
20170906031,38
20170906032,18
20170906033,6
20170906034,5
20170906041,34
20170906042,16
20170906043,6
20170906044,5
20170906051,32
20170906052,16
20170906053,6
20170906054,5
20170906061,37
20170906062,17
20170906063,6
20170906064,5
20170906071,41
20170906072,20
20170906073,7
20170906074,5
20170906081,47
20170906082,23
20170906083,8
20170906084,7
20170906091,58
20170906092,26
20170906093,9
20170906094,8
20170906101,71
20170906102,28
20170906103,10
20170906104,9
20170906111,76
20170906112,30
20170906113,11
20170906114,10
20170906121,77
20170906122,30
20170906123,11
20170906124,10
20170906131,74
20170906132,29
20170906133,11
20170906134,10
20170906141,73
20170906142,29
20170906143,11
20170906144,10
20170906151,72
20170906152,29
20170906153,11
20170906154,10
20170906161,71
20170906162,29
20170906163,11
20170906164,10
20170906171,69
20170906172,29
20170906173,11
20170906174,10
20170906181,68
20170906182,29
20170906183,11
20170906184,10
20170906191,68
20170906192,29
20170906193,11
20170906194,10
20170906201,67
20170906202,29
20170906203,11
20170906204,10
20170906211,67
20170906212,29
20170906213,11
20170906214,10
20170906221,67
20170906222,29
20170906223,11
20170906224,10
20170906231,67
20170906232,29
20170906233,11
20170906234,10
20170907001,62
20170907002,28
20170907003,9
20170907004,8
20170907011,53
20170907012,25
20170907013,7
20170907014,6
20170907021,45
20170907022,22
20170907023,6
20170907024,5
20170907031,38
20170907032,18
20170907033,6
20170907034,5
20170907041,34
20170907042,16
20170907043,6
20170907044,5
20170907051,31
20170907052,16
20170907053,6
20170907054,5
20170907061,34
20170907062,17
20170907063,6
20170907064,5
20170907071,39
20170907072,20
20170907073,7
20170907074,5
20170907081,45
20170907082,23
20170907083,8
20170907084,7
20170907091,55
20170907092,26
20170907093,9
20170907094,8
20170907101,66
20170907102,28
20170907103,10
20170907104,9
20170907111,73
20170907112,30
20170907113,10
20170907114,10
20170907121,73
20170907122,30
20170907123,11
20170907124,10
20170907131,71
20170907132,29
20170907133,11
20170907134,10
20170907141,70
20170907142,29
20170907143,11
20170907144,10
20170907151,69
20170907152,29
20170907153,11
20170907154,10
20170907161,68
20170907162,29
20170907163,11
20170907164,10
20170907171,68
20170907172,29
20170907173,11
20170907174,10
20170907181,68
20170907182,29
20170907183,11
20170907184,10
20170907191,68
20170907192,29
20170907193,11
20170907194,10
20170907201,67
20170907202,29
20170907203,11
20170907204,10
20170907211,67
20170907212,29
20170907213,11
20170907214,10
20170907221,67
20170907222,29
20170907223,11
20170907224,10
20170907231,66
20170907232,29
20170907233,11
20170907234,10
20170908001,60
20170908002,28
20170908003,9
20170908004,8
20170908011,52
20170908012,25
20170908013,7
20170908014,6
20170908021,44
20170908022,21
20170908023,6
20170908024,5
20170908031,37
20170908032,17
20170908033,6
20170908034,5
20170908041,32
20170908042,15
20170908043,6
20170908044,5
20170908051,30
20170908052,15
20170908053,6
20170908054,5
20170908061,33
20170908062,17
20170908063,6
20170908064,5
20170908071,38
20170908072,19
20170908073,7
20170908074,5
20170908081,44
20170908082,22
20170908083,8
20170908084,7
20170908091,49
20170908092,24
20170908093,9
20170908094,8
20170908101,60
20170908102,27
20170908103,10
20170908104,9
20170908111,70
20170908112,29
20170908113,10
20170908114,10
20170908121,68
20170908122,28
20170908123,11
20170908124,10
20170908131,65
20170908132,28
20170908133,11
20170908134,10
20170908141,67
20170908142,28
20170908143,11
20170908144,10
20170908151,68
20170908152,28
20170908153,11
20170908154,10
20170908161,68
20170908162,28
20170908163,11
20170908164,10
20170908171,68
20170908172,28
20170908173,11
20170908174,10
20170908181,68
20170908182,28
20170908183,11
20170908184,10
20170908191,68
20170908192,28
20170908193,11
20170908194,10
20170908201,67
20170908202,28
20170908203,11
20170908204,10
20170908211,67
20170908212,28
20170908213,11
20170908214,10
20170908221,67
20170908222,28
20170908223,11
20170908224,10
20170908231,66
20170908232,28
20170908233,11
20170908234,10
20170909001,59
20170909002,27
20170909003,9
20170909004,8
20170909011,50
20170909012,24
20170909013,7
20170909014,6
20170909021,43
20170909022,20
20170909023,6
20170909024,5
20170909031,37
20170909032,17
20170909033,6
20170909034,5
20170909041,32
20170909042,15
20170909043,6
20170909044,5
20170909051,29
20170909052,15
20170909053,6
20170909054,5
20170909061,31
20170909062,16
20170909063,6
20170909064,5
20170909071,32
20170909072,18
20170909073,7
20170909074,5
20170909081,36
20170909082,19
20170909083,8
20170909084,7
20170909091,41
20170909092,22
20170909093,9
20170909094,8
20170909101,47
20170909102,25
20170909103,10
20170909104,9
20170909111,58
20170909112,27
20170909113,10
20170909114,10
20170909121,58
20170909122,28
20170909123,10
20170909124,10
20170909131,58
20170909132,28
20170909133,10
20170909134,10
20170909141,58
20170909142,28
20170909143,10
20170909144,10
20170909151,58
20170909152,28
20170909153,10
20170909154,10
20170909161,58
20170909162,28
20170909163,10
20170909164,10
20170909171,58
20170909172,28
20170909173,10
20170909174,10
20170909181,59
20170909182,28
20170909183,10
20170909184,10
20170909191,61
20170909192,28
20170909193,10
20170909194,10
20170909201,60
20170909202,28
20170909203,10
20170909204,10
20170909211,60
20170909212,28
20170909213,10
20170909214,10
20170909221,60
20170909222,28
20170909223,10
20170909224,10
20170909231,60
20170909232,28
20170909233,10
20170909234,10
20170910001,53
20170910002,27
20170910003,8
20170910004,8
20170910011,46
20170910012,23
20170910013,6
20170910014,6
20170910021,39
20170910022,20
20170910023,6
20170910024,5
20170910031,34
20170910032,17
20170910033,6
20170910034,5
20170910041,29
20170910042,15
20170910043,6
20170910044,5
20170910051,27
20170910052,15
20170910053,6
20170910054,5
20170910061,29
20170910062,16
20170910063,6
20170910064,5
20170910071,32
20170910072,17
20170910073,7
20170910074,5
20170910081,36
20170910082,18
20170910083,8
20170910084,7
20170910091,41
20170910092,20
20170910093,9
20170910094,8
20170910101,47
20170910102,24
20170910103,10
20170910104,9
20170910111,57
20170910112,26
20170910113,10
20170910114,10
20170910121,57
20170910122,27
20170910123,10
20170910124,10
20170910131,56
20170910132,28
20170910133,10
20170910134,10
20170910141,56
20170910142,28
20170910143,10
20170910144,10
20170910151,56
20170910152,28
20170910153,10
20170910154,10
20170910161,56
20170910162,28
20170910163,10
20170910164,10
20170910171,56
20170910172,28
20170910173,10
20170910174,10
20170910181,56
20170910182,28
20170910183,10
20170910184,10
20170910191,57
20170910192,28
20170910193,10
20170910194,10
20170910201,58
20170910202,28
20170910203,10
20170910204,10
20170910211,58
20170910212,28
20170910213,10
20170910214,10
20170910221,58
20170910222,28
20170910223,10
20170910224,10
20170910231,58
20170910232,28
20170910233,10
20170910234,10
20170911001,53
20170911002,27
20170911003,8
20170911004,8
20170911011,45
20170911012,24
20170911013,6
20170911014,6
20170911021,39
20170911022,21
20170911023,6
20170911024,5
20170911031,34
20170911032,18
20170911033,6
20170911034,5
20170911041,30
20170911042,16
20170911043,6
20170911044,5
20170911051,31
20170911052,17
20170911053,6
20170911054,5
20170911061,33
20170911062,18
20170911063,6
20170911064,5
20170911071,38
20170911072,20
20170911073,7
20170911074,5
20170911081,47
20170911082,22
20170911083,8
20170911084,7
20170911091,54
20170911092,25
20170911093,9
20170911094,8
20170911101,69
20170911102,28
20170911103,10
20170911104,10
20170911111,77
20170911112,30
20170911113,11
20170911114,11
20170911121,76
20170911122,30
20170911123,12
20170911124,11
20170911131,74
20170911132,29
20170911133,12
20170911134,11
20170911141,73
20170911142,29
20170911143,13
20170911144,11
20170911151,72
20170911152,29
20170911153,13
20170911154,11
20170911161,72
20170911162,29
20170911163,13
20170911164,11
20170911171,72
20170911172,29
20170911173,13
20170911174,11
20170911181,72
20170911182,29
20170911183,13
20170911184,11
20170911191,72
20170911192,29
20170911193,13
20170911194,11
20170911201,71
20170911202,29
20170911203,13
20170911204,11
20170911211,68
20170911212,29
20170911213,13
20170911214,11
20170911221,67
20170911222,29
20170911223,13
20170911224,11
20170911231,66
20170911232,29
20170911233,13
20170911234,11
20170912001,61
20170912002,28
20170912003,9
20170912004,9
20170912011,52
20170912012,25
20170912013,7
20170912014,6
20170912021,45
20170912022,22
20170912023,6
20170912024,5
20170912031,38
20170912032,18
20170912033,6
20170912034,5
20170912041,34
20170912042,16
20170912043,6
20170912044,5
20170912051,32
20170912052,16
20170912053,6
20170912054,5
20170912061,37
20170912062,17
20170912063,6
20170912064,5
20170912071,41
20170912072,20
20170912073,7
20170912074,6
20170912081,47
20170912082,23
20170912083,8
20170912084,7
20170912091,57
20170912092,26
20170912093,9
20170912094,8
20170912101,74
20170912102,28
20170912103,10
20170912104,10
20170912111,77
20170912112,30
20170912113,12
20170912114,10
20170912121,77
20170912122,30
20170912123,12
20170912124,10
20170912131,74
20170912132,29
20170912133,12
20170912134,10
20170912141,73
20170912142,29
20170912143,13
20170912144,10
20170912151,72
20170912152,29
20170912153,13
20170912154,10
20170912161,71
20170912162,29
20170912163,13
20170912164,10
20170912171,70
20170912172,29
20170912173,13
20170912174,10
20170912181,70
20170912182,29
20170912183,13
20170912184,10
20170912191,70
20170912192,29
20170912193,13
20170912194,10
20170912201,68
20170912202,29
20170912203,13
20170912204,10
20170912211,67
20170912212,29
20170912213,13
20170912214,10
20170912221,67
20170912222,29
20170912223,13
20170912224,10
20170912231,67
20170912232,29
20170912233,13
20170912234,10
20170913001,62
20170913002,28
20170913003,10
20170913004,8
20170913011,53
20170913012,25
20170913013,8
20170913014,6
20170913021,45
20170913022,22
20170913023,6
20170913024,5
20170913031,38
20170913032,18
20170913033,6
20170913034,5
20170913041,34
20170913042,16
20170913043,6
20170913044,5
20170913051,32
20170913052,16
20170913053,6
20170913054,5
20170913061,37
20170913062,17
20170913063,6
20170913064,5
20170913071,41
20170913072,20
20170913073,7
20170913074,5
20170913081,47
20170913082,23
20170913083,8
20170913084,7
20170913091,58
20170913092,26
20170913093,9
20170913094,8
20170913101,72
20170913102,28
20170913103,10
20170913104,9
20170913111,76
20170913112,30
20170913113,12
20170913114,10
20170913121,76
20170913122,30
20170913123,12
20170913124,10
20170913131,73
20170913132,29
20170913133,12
20170913134,10
20170913141,72
20170913142,29
20170913143,13
20170913144,10
20170913151,71
20170913152,29
20170913153,13
20170913154,10
20170913161,69
20170913162,29
20170913163,13
20170913164,10
20170913171,68
20170913172,29
20170913173,13
20170913174,10
20170913181,68
20170913182,29
20170913183,13
20170913184,10
20170913191,68
20170913192,29
20170913193,13
20170913194,10
20170913201,67
20170913202,29
20170913203,13
20170913204,10
20170913211,67
20170913212,29
20170913213,13
20170913214,10
20170913221,67
20170913222,29
20170913223,13
20170913224,10
20170913231,67
20170913232,29
20170913233,13
20170913234,10
20170914001,62
20170914002,28
20170914003,11
20170914004,8
20170914011,53
20170914012,25
20170914013,8
20170914014,6
20170914021,45
20170914022,22
20170914023,6
20170914024,5
20170914031,38
20170914032,18
20170914033,6
20170914034,5
20170914041,34
20170914042,16
20170914043,6
20170914044,5
20170914051,31
20170914052,16
20170914053,6
20170914054,5
20170914061,34
20170914062,17
20170914063,6
20170914064,5
20170914071,39
20170914072,20
20170914073,7
20170914074,5
20170914081,45
20170914082,23
20170914083,8
20170914084,7
20170914091,56
20170914092,26
20170914093,9
20170914094,8
20170914101,66
20170914102,28
20170914103,10
20170914104,9
20170914111,72
20170914112,30
20170914113,12
20170914114,10
20170914121,72
20170914122,30
20170914123,12
20170914124,10
20170914131,70
20170914132,29
20170914133,12
20170914134,10
20170914141,69
20170914142,29
20170914143,12
20170914144,10
20170914151,68
20170914152,29
20170914153,12
20170914154,10
20170914161,68
20170914162,29
20170914163,12
20170914164,10
20170914171,68
20170914172,29
20170914173,12
20170914174,10
20170914181,68
20170914182,29
20170914183,12
20170914184,10
20170914191,68
20170914192,29
20170914193,12
20170914194,10
20170914201,67
20170914202,29
20170914203,12
20170914204,10
20170914211,67
20170914212,29
20170914213,12
20170914214,10
20170914221,67
20170914222,29
20170914223,12
20170914224,10
20170914231,66
20170914232,29
20170914233,12
20170914234,10
20170915001,60
20170915002,28
20170915003,10
20170915004,8
20170915011,52
20170915012,25
20170915013,8
20170915014,6
20170915021,44
20170915022,21
20170915023,6
20170915024,5
20170915031,37
20170915032,17
20170915033,6
20170915034,5
20170915041,32
20170915042,15
20170915043,6
20170915044,5
20170915051,30
20170915052,15
20170915053,6
20170915054,5
20170915061,33
20170915062,17
20170915063,6
20170915064,5
20170915071,38
20170915072,19
20170915073,7
20170915074,5
20170915081,44
20170915082,22
20170915083,8
20170915084,7
20170915091,49
20170915092,24
20170915093,9
20170915094,8
20170915101,60
20170915102,27
20170915103,10
20170915104,9
20170915111,70
20170915112,29
20170915113,11
20170915114,10
20170915121,67
20170915122,28
20170915123,11
20170915124,10
20170915131,65
20170915132,28
20170915133,11
20170915134,10
20170915141,67
20170915142,28
20170915143,11
20170915144,10
20170915151,68
20170915152,28
20170915153,11
20170915154,10
20170915161,68
20170915162,28
20170915163,11
20170915164,10
20170915171,68
20170915172,28
20170915173,11
20170915174,10
20170915181,68
20170915182,28
20170915183,11
20170915184,10
20170915191,68
20170915192,28
20170915193,11
20170915194,10
20170915201,67
20170915202,28
20170915203,11
20170915204,10
20170915211,67
20170915212,28
20170915213,11
20170915214,10
20170915221,67
20170915222,28
20170915223,11
20170915224,10
20170915231,66
20170915232,28
20170915233,11
20170915234,10
20170916001,59
20170916002,27
20170916003,9
20170916004,8
20170916011,50
20170916012,24
20170916013,7
20170916014,6
20170916021,43
20170916022,20
20170916023,6
20170916024,5
20170916031,37
20170916032,17
20170916033,6
20170916034,5
20170916041,32
20170916042,15
20170916043,6
20170916044,5
20170916051,29
20170916052,15
20170916053,6
20170916054,5
20170916061,31
20170916062,16
20170916063,6
20170916064,5
20170916071,32
20170916072,18
20170916073,7
20170916074,5
20170916081,36
20170916082,19
20170916083,8
20170916084,7
20170916091,41
20170916092,22
20170916093,9
20170916094,8
20170916101,47
20170916102,25
20170916103,10
20170916104,9
20170916111,57
20170916112,27
20170916113,10
20170916114,10
20170916121,58
20170916122,28
20170916123,10
20170916124,10
20170916131,58
20170916132,28
20170916133,10
20170916134,10
20170916141,59
20170916142,28
20170916143,10
20170916144,10
20170916151,59
20170916152,28
20170916153,10
20170916154,10
20170916161,59
20170916162,28
20170916163,10
20170916164,10
20170916171,59
20170916172,28
20170916173,10
20170916174,10
20170916181,61
20170916182,28
20170916183,10
20170916184,10
20170916191,62
20170916192,28
20170916193,10
20170916194,10
20170916201,61
20170916202,28
20170916203,10
20170916204,10
20170916211,60
20170916212,28
20170916213,10
20170916214,10
20170916221,60
20170916222,28
20170916223,10
20170916224,10
20170916231,60
20170916232,28
20170916233,10
20170916234,10
20170917001,54
20170917002,26
20170917003,8
20170917004,8
20170917011,46
20170917012,22
20170917013,6
20170917014,6
20170917021,39
20170917022,18
20170917023,6
20170917024,5
20170917031,34
20170917032,15
20170917033,6
20170917034,5
20170917041,29
20170917042,14
20170917043,6
20170917044,5
20170917051,27
20170917052,13
20170917053,6
20170917054,5
20170917061,29
20170917062,14
20170917063,6
20170917064,5
20170917071,32
20170917072,15
20170917073,7
20170917074,5
20170917081,36
20170917082,18
20170917083,8
20170917084,7
20170917091,41
20170917092,20
20170917093,9
20170917094,8
20170917101,47
20170917102,24
20170917103,10
20170917104,9
20170917111,57
20170917112,26
20170917113,10
20170917114,10
20170917121,57
20170917122,27
20170917123,10
20170917124,10
20170917131,57
20170917132,28
20170917133,10
20170917134,10
20170917141,58
20170917142,27
20170917143,10
20170917144,10
20170917151,58
20170917152,28
20170917153,10
20170917154,10
20170917161,58
20170917162,27
20170917163,10
20170917164,10
20170917171,58
20170917172,28
20170917173,10
20170917174,10
20170917181,59
20170917182,27
20170917183,10
20170917184,10
20170917191,60
20170917192,28
20170917193,10
20170917194,10
20170917201,60
20170917202,27
20170917203,10
20170917204,10
20170917211,59
20170917212,28
20170917213,10
20170917214,10
20170917221,59
20170917222,27
20170917223,10
20170917224,10
20170917231,59
20170917232,28
20170917233,10
20170917234,10
20170918001,53
20170918002,27
20170918003,8
20170918004,8
20170918011,45
20170918012,24
20170918013,6
20170918014,6
20170918021,39
20170918022,21
20170918023,6
20170918024,5
20170918031,34
20170918032,18
20170918033,6
20170918034,5
20170918041,30
20170918042,16
20170918043,6
20170918044,5
20170918051,31
20170918052,16
20170918053,6
20170918054,5
20170918061,33
20170918062,18
20170918063,6
20170918064,5
20170918071,38
20170918072,20
20170918073,7
20170918074,5
20170918081,47
20170918082,22
20170918083,8
20170918084,7
20170918091,54
20170918092,25
20170918093,9
20170918094,8
20170918101,69
20170918102,28
20170918103,10
20170918104,10
20170918111,78
20170918112,30
20170918113,11
20170918114,11
20170918121,78
20170918122,29
20170918123,12
20170918124,11
20170918131,77
20170918132,29
20170918133,12
20170918134,11
20170918141,76
20170918142,29
20170918143,13
20170918144,11
20170918151,75
20170918152,29
20170918153,13
20170918154,11
20170918161,74
20170918162,29
20170918163,13
20170918164,11
20170918171,73
20170918172,29
20170918173,13
20170918174,11
20170918181,73
20170918182,29
20170918183,13
20170918184,11
20170918191,73
20170918192,29
20170918193,13
20170918194,11
20170918201,71
20170918202,29
20170918203,13
20170918204,11
20170918211,68
20170918212,29
20170918213,13
20170918214,11
20170918221,67
20170918222,29
20170918223,13
20170918224,11
20170918231,66
20170918232,29
20170918233,13
20170918234,11
20170919001,61
20170919002,28
20170919003,9
20170919004,9
20170919011,52
20170919012,25
20170919013,7
20170919014,6
20170919021,45
20170919022,22
20170919023,6
20170919024,5
20170919031,38
20170919032,18
20170919033,6
20170919034,5
20170919041,34
20170919042,16
20170919043,6
20170919044,5
20170919051,32
20170919052,16
20170919053,6
20170919054,5
20170919061,37
20170919062,17
20170919063,6
20170919064,5
20170919071,41
20170919072,20
20170919073,7
20170919074,6
20170919081,47
20170919082,23
20170919083,8
20170919084,7
20170919091,57
20170919092,26
20170919093,9
20170919094,8
20170919101,74
20170919102,28
20170919103,10
20170919104,10
20170919111,76
20170919112,30
20170919113,12
20170919114,10
20170919121,75
20170919122,30
20170919123,12
20170919124,11
20170919131,74
20170919132,29
20170919133,12
20170919134,11
20170919141,73
20170919142,29
20170919143,12
20170919144,11
20170919151,72
20170919152,29
20170919153,12
20170919154,11
20170919161,72
20170919162,29
20170919163,12
20170919164,11
20170919171,71
20170919172,29
20170919173,12
20170919174,11
20170919181,71
20170919182,29
20170919183,12
20170919184,11
20170919191,71
20170919192,29
20170919193,12
20170919194,11
20170919201,69
20170919202,29
20170919203,12
20170919204,11
20170919211,67
20170919212,29
20170919213,12
20170919214,11
20170919221,67
20170919222,29
20170919223,12
20170919224,11
20170919231,67
20170919232,29
20170919233,12
20170919234,11
20170920001,62
20170920002,28
20170920003,9
20170920004,9
20170920011,53
20170920012,25
20170920013,7
20170920014,6
20170920021,45
20170920022,22
20170920023,6
20170920024,5
20170920031,38
20170920032,18
20170920033,6
20170920034,5
20170920041,34
20170920042,16
20170920043,6
20170920044,5
20170920051,32
20170920052,16
20170920053,6
20170920054,5
20170920061,37
20170920062,17
20170920063,6
20170920064,5
20170920071,41
20170920072,20
20170920073,7
20170920074,6
20170920081,47
20170920082,23
20170920083,8
20170920084,7
20170920091,59
20170920092,26
20170920093,9
20170920094,8
20170920101,72
20170920102,28
20170920103,10
20170920104,9
20170920111,76
20170920112,30
20170920113,11
20170920114,10
20170920121,75
20170920122,30
20170920123,11
20170920124,11
20170920131,73
20170920132,29
20170920133,11
20170920134,11
20170920141,72
20170920142,29
20170920143,11
20170920144,11
20170920151,71
20170920152,29
20170920153,11
20170920154,11
20170920161,70
20170920162,29
20170920163,11
20170920164,11
20170920171,69
20170920172,29
20170920173,11
20170920174,11
20170920181,69
20170920182,29
20170920183,11
20170920184,11
20170920191,69
20170920192,29
20170920193,11
20170920194,11
20170920201,67
20170920202,29
20170920203,11
20170920204,11
20170920211,67
20170920212,29
20170920213,11
20170920214,11
20170920221,67
20170920222,29
20170920223,11
20170920224,11
20170920231,67
20170920232,29
20170920233,11
20170920234,11
20170921001,62
20170921002,28
20170921003,9
20170921004,9
20170921011,53
20170921012,25
20170921013,7
20170921014,6
20170921021,45
20170921022,22
20170921023,6
20170921024,5
20170921031,38
20170921032,18
20170921033,6
20170921034,5
20170921041,34
20170921042,16
20170921043,6
20170921044,5
20170921051,32
20170921052,16
20170921053,6
20170921054,5
20170921061,37
20170921062,17
20170921063,6
20170921064,5
20170921071,41
20170921072,20
20170921073,7
20170921074,6
20170921081,47
20170921082,23
20170921083,8
20170921084,7
20170921091,60
20170921092,26
20170921093,9
20170921094,8
20170921101,72
20170921102,28
20170921103,10
20170921104,9
20170921111,76
20170921112,30
20170921113,11
20170921114,10
20170921121,75
20170921122,30
20170921123,11
20170921124,11
20170921131,73
20170921132,29
20170921133,11
20170921134,11
20170921141,72
20170921142,29
20170921143,11
20170921144,11
20170921151,71
20170921152,29
20170921153,11
20170921154,11
20170921161,69
20170921162,29
20170921163,11
20170921164,11
20170921171,68
20170921172,29
20170921173,11
20170921174,11
20170921181,68
20170921182,29
20170921183,11
20170921184,11
20170921191,68
20170921192,29
20170921193,11
20170921194,11
20170921201,67
20170921202,29
20170921203,11
20170921204,11
20170921211,67
20170921212,29
20170921213,11
20170921214,11
20170921221,67
20170921222,29
20170921223,11
20170921224,11
20170921231,67
20170921232,29
20170921233,11
20170921234,11
20170922001,61
20170922002,28
20170922003,9
20170922004,9
20170922011,52
20170922012,25
20170922013,7
20170922014,6
20170922021,44
20170922022,21
20170922023,6
20170922024,5
20170922031,37
20170922032,17
20170922033,6
20170922034,5
20170922041,32
20170922042,15
20170922043,6
20170922044,5
20170922051,30
20170922052,15
20170922053,6
20170922054,5
20170922061,33
20170922062,17
20170922063,6
20170922064,5
20170922071,38
20170922072,19
20170922073,7
20170922074,6
20170922081,45
20170922082,22
20170922083,8
20170922084,7
20170922091,56
20170922092,24
20170922093,9
20170922094,8
20170922101,66
20170922102,27
20170922103,10
20170922104,9
20170922111,71
20170922112,29
20170922113,11
20170922114,10
20170922121,69
20170922122,28
20170922123,11
20170922124,11
20170922131,66
20170922132,28
20170922133,11
20170922134,11
20170922141,68
20170922142,28
20170922143,11
20170922144,11
20170922151,68
20170922152,28
20170922153,11
20170922154,11
20170922161,68
20170922162,28
20170922163,11
20170922164,11
20170922171,68
20170922172,28
20170922173,11
20170922174,11
20170922181,68
20170922182,28
20170922183,11
20170922184,11
20170922191,68
20170922192,28
20170922193,11
20170922194,11
20170922201,67
20170922202,28
20170922203,11
20170922204,11
20170922211,67
20170922212,28
20170922213,11
20170922214,11
20170922221,67
20170922222,28
20170922223,11
20170922224,11
20170922231,67
20170922232,28
20170922233,11
20170922234,11
20170923001,61
20170923002,27
20170923003,9
20170923004,9
20170923011,52
20170923012,24
20170923013,7
20170923014,6
20170923021,44
20170923022,20
20170923023,6
20170923024,5
20170923031,37
20170923032,17
20170923033,6
20170923034,5
20170923041,32
20170923042,15
20170923043,6
20170923044,5
20170923051,29
20170923052,15
20170923053,6
20170923054,5
20170923061,31
20170923062,16
20170923063,6
20170923064,5
20170923071,32
20170923072,18
20170923073,7
20170923074,6
20170923081,36
20170923082,19
20170923083,8
20170923084,7
20170923091,41
20170923092,22
20170923093,9
20170923094,8
20170923101,47
20170923102,25
20170923103,10
20170923104,9
20170923111,58
20170923112,27
20170923113,10
20170923114,10
20170923121,61
20170923122,28
20170923123,10
20170923124,10
20170923131,60
20170923132,28
20170923133,10
20170923134,10
20170923141,60
20170923142,28
20170923143,10
20170923144,10
20170923151,59
20170923152,28
20170923153,10
20170923154,10
20170923161,59
20170923162,28
20170923163,10
20170923164,10
20170923171,60
20170923172,28
20170923173,10
20170923174,10
20170923181,61
20170923182,28
20170923183,10
20170923184,10
20170923191,62
20170923192,28
20170923193,10
20170923194,10
20170923201,62
20170923202,28
20170923203,10
20170923204,10
20170923211,61
20170923212,28
20170923213,10
20170923214,10
20170923221,60
20170923222,28
20170923223,10
20170923224,10
20170923231,60
20170923232,28
20170923233,10
20170923234,10
20170924001,55
20170924002,27
20170924003,8
20170924004,8
20170924011,46
20170924012,23
20170924013,6
20170924014,6
20170924021,40
20170924022,20
20170924023,6
20170924024,5
20170924031,35
20170924032,17
20170924033,6
20170924034,5
20170924041,30
20170924042,15
20170924043,6
20170924044,5
20170924051,27
20170924052,15
20170924053,6
20170924054,5
20170924061,29
20170924062,16
20170924063,6
20170924064,5
20170924071,32
20170924072,17
20170924073,7
20170924074,5
20170924081,36
20170924082,18
20170924083,8
20170924084,7
20170924091,41
20170924092,20
20170924093,9
20170924094,8
20170924101,47
20170924102,24
20170924103,10
20170924104,9
20170924111,58
20170924112,26
20170924113,10
20170924114,10
20170924121,59
20170924122,27
20170924123,10
20170924124,10
20170924131,59
20170924132,28
20170924133,10
20170924134,10
20170924141,59
20170924142,28
20170924143,10
20170924144,10
20170924151,59
20170924152,28
20170924153,10
20170924154,10
20170924161,59
20170924162,28
20170924163,10
20170924164,10
20170924171,59
20170924172,28
20170924173,10
20170924174,10
20170924181,59
20170924182,28
20170924183,10
20170924184,10
20170924191,60
20170924192,28
20170924193,10
20170924194,10
20170924201,60
20170924202,28
20170924203,10
20170924204,10
20170924211,60
20170924212,28
20170924213,10
20170924214,10
20170924221,59
20170924222,28
20170924223,10
20170924224,10
20170924231,59
20170924232,28
20170924233,10
20170924234,10
20170925001,54
20170925002,27
20170925003,8
20170925004,8
20170925011,45
20170925012,24
20170925013,6
20170925014,6
20170925021,39
20170925022,21
20170925023,6
20170925024,5
20170925031,34
20170925032,18
20170925033,6
20170925034,5
20170925041,30
20170925042,16
20170925043,6
20170925044,5
20170925051,31
20170925052,17
20170925053,6
20170925054,5
20170925061,33
20170925062,18
20170925063,6
20170925064,5
20170925071,38
20170925072,20
20170925073,7
20170925074,5
20170925081,47
20170925082,22
20170925083,8
20170925084,7
20170925091,54
20170925092,25
20170925093,9
20170925094,8
20170925101,69
20170925102,28
20170925103,10
20170925104,10
20170925111,79
20170925112,31
20170925113,11
20170925114,11
20170925121,78
20170925122,30
20170925123,12
20170925124,11
20170925131,77
20170925132,29
20170925133,12
20170925134,11
20170925141,75
20170925142,29
20170925143,13
20170925144,11
20170925151,74
20170925152,29
20170925153,13
20170925154,11
20170925161,73
20170925162,29
20170925163,13
20170925164,11
20170925171,72
20170925172,29
20170925173,13
20170925174,11
20170925181,72
20170925182,29
20170925183,13
20170925184,11
20170925191,72
20170925192,29
20170925193,13
20170925194,11
20170925201,71
20170925202,29
20170925203,13
20170925204,11
20170925211,68
20170925212,29
20170925213,13
20170925214,11
20170925221,67
20170925222,29
20170925223,13
20170925224,11
20170925231,66
20170925232,29
20170925233,13
20170925234,11
20170926001,61
20170926002,28
20170926003,9
20170926004,9
20170926011,52
20170926012,25
20170926013,7
20170926014,6
20170926021,45
20170926022,22
20170926023,6
20170926024,5
20170926031,38
20170926032,18
20170926033,6
20170926034,5
20170926041,34
20170926042,16
20170926043,6
20170926044,5
20170926051,32
20170926052,16
20170926053,6
20170926054,5
20170926061,37
20170926062,17
20170926063,6
20170926064,5
20170926071,40
20170926072,20
20170926073,7
20170926074,6
20170926081,47
20170926082,23
20170926083,8
20170926084,7
20170926091,58
20170926092,26
20170926093,9
20170926094,8
20170926101,73
20170926102,28
20170926103,10
20170926104,10
20170926111,76
20170926112,31
20170926113,12
20170926114,11
20170926121,75
20170926122,30
20170926123,12
20170926124,11
20170926131,74
20170926132,29
20170926133,12
20170926134,11
20170926141,73
20170926142,29
20170926143,12
20170926144,11
20170926151,72
20170926152,29
20170926153,12
20170926154,11
20170926161,71
20170926162,29
20170926163,12
20170926164,11
20170926171,70
20170926172,29
20170926173,12
20170926174,11
20170926181,70
20170926182,29
20170926183,12
20170926184,11
20170926191,70
20170926192,29
20170926193,12
20170926194,11
20170926201,68
20170926202,29
20170926203,12
20170926204,11
20170926211,67
20170926212,29
20170926213,12
20170926214,11
20170926221,67
20170926222,29
20170926223,12
20170926224,11
20170926231,67
20170926232,29
20170926233,12
20170926234,11
20170927001,62
20170927002,28
20170927003,9
20170927004,9
20170927011,53
20170927012,25
20170927013,7
20170927014,6
20170927021,45
20170927022,22
20170927023,6
20170927024,5
20170927031,38
20170927032,18
20170927033,6
20170927034,5
20170927041,34
20170927042,16
20170927043,6
20170927044,5
20170927051,31
20170927052,16
20170927053,6
20170927054,5
20170927061,34
20170927062,17
20170927063,6
20170927064,5
20170927071,39
20170927072,20
20170927073,7
20170927074,6
20170927081,46
20170927082,23
20170927083,8
20170927084,7
20170927091,59
20170927092,26
20170927093,9
20170927094,8
20170927101,72
20170927102,28
20170927103,10
20170927104,10
20170927111,77
20170927112,31
20170927113,11
20170927114,11
20170927121,76
20170927122,30
20170927123,11
20170927124,11
20170927131,73
20170927132,29
20170927133,11
20170927134,11
20170927141,72
20170927142,29
20170927143,11
20170927144,11
20170927151,71
20170927152,29
20170927153,11
20170927154,11
20170927161,69
20170927162,29
20170927163,11
20170927164,11
20170927171,68
20170927172,29
20170927173,11
20170927174,11
20170927181,68
20170927182,29
20170927183,11
20170927184,11
20170927191,68
20170927192,29
20170927193,11
20170927194,11
20170927201,67
20170927202,29
20170927203,11
20170927204,11
20170927211,67
20170927212,29
20170927213,11
20170927214,11
20170927221,67
20170927222,29
20170927223,11
20170927224,11
20170927231,67
20170927232,29
20170927233,11
20170927234,11
20170928001,62
20170928002,28
20170928003,9
20170928004,9
20170928011,53
20170928012,25
20170928013,7
20170928014,6
20170928021,45
20170928022,22
20170928023,6
20170928024,5
20170928031,38
20170928032,18
20170928033,6
20170928034,5
20170928041,34
20170928042,16
20170928043,6
20170928044,5
20170928051,31
20170928052,16
20170928053,6
20170928054,5
20170928061,33
20170928062,17
20170928063,6
20170928064,5
20170928071,38
20170928072,20
20170928073,7
20170928074,6
20170928081,45
20170928082,23
20170928083,8
20170928084,7
20170928091,57
20170928092,26
20170928093,9
20170928094,8
20170928101,72
20170928102,28
20170928103,10
20170928104,10
20170928111,76
20170928112,31
20170928113,11
20170928114,11
20170928121,76
20170928122,30
20170928123,11
20170928124,11
20170928131,73
20170928132,29
20170928133,11
20170928134,11
20170928141,72
20170928142,29
20170928143,11
20170928144,11
20170928151,71
20170928152,29
20170928153,11
20170928154,11
20170928161,69
20170928162,29
20170928163,11
20170928164,11
20170928171,68
20170928172,29
20170928173,11
20170928174,11
20170928181,68
20170928182,29
20170928183,11
20170928184,11
20170928191,68
20170928192,29
20170928193,11
20170928194,11
20170928201,67
20170928202,29
20170928203,11
20170928204,11
20170928211,67
20170928212,29
20170928213,11
20170928214,11
20170928221,67
20170928222,29
20170928223,11
20170928224,11
20170928231,67
20170928232,29
20170928233,11
20170928234,11
20170929001,61
20170929002,28
20170929003,9
20170929004,9
20170929011,53
20170929012,25
20170929013,7
20170929014,6
20170929021,45
20170929022,21
20170929023,6
20170929024,5
20170929031,38
20170929032,18
20170929033,6
20170929034,5
20170929041,34
20170929042,15
20170929043,6
20170929044,5
20170929051,31
20170929052,15
20170929053,6
20170929054,5
20170929061,33
20170929062,17
20170929063,6
20170929064,5
20170929071,38
20170929072,19
20170929073,7
20170929074,6
20170929081,45
20170929082,22
20170929083,8
20170929084,7
20170929091,57
20170929092,24
20170929093,9
20170929094,8
20170929101,72
20170929102,27
20170929103,10
20170929104,10
20170929111,75
20170929112,30
20170929113,11
20170929114,11
20170929121,75
20170929122,29
20170929123,11
20170929124,11
20170929131,72
20170929132,28
20170929133,11
20170929134,11
20170929141,70
20170929142,28
20170929143,11
20170929144,11
20170929151,68
20170929152,28
20170929153,11
20170929154,11
20170929161,68
20170929162,28
20170929163,11
20170929164,11
20170929171,68
20170929172,28
20170929173,11
20170929174,11
20170929181,68
20170929182,28
20170929183,11
20170929184,11
20170929191,68
20170929192,28
20170929193,11
20170929194,11
20170929201,67
20170929202,28
20170929203,11
20170929204,11
20170929211,67
20170929212,28
20170929213,11
20170929214,11
20170929221,67
20170929222,28
20170929223,11
20170929224,11
20170929231,67
20170929232,28
20170929233,11
20170929234,11
20170930001,61
20170930002,27
20170930003,9
20170930004,9
20170930011,52
20170930012,24
20170930013,7
20170930014,6
20170930021,44
20170930022,20
20170930023,6
20170930024,5
20170930031,37
20170930032,17
20170930033,6
20170930034,5
20170930041,32
20170930042,15
20170930043,6
20170930044,5
20170930051,29
20170930052,15
20170930053,6
20170930054,5
20170930061,31
20170930062,16
20170930063,6
20170930064,5
20170930071,32
20170930072,18
20170930073,7
20170930074,6
20170930081,36
20170930082,19
20170930083,8
20170930084,7
20170930091,41
20170930092,22
20170930093,9
20170930094,8
20170930101,48
20170930102,25
20170930103,10
20170930104,9
20170930111,59
20170930112,27
20170930113,10
20170930114,9
20170930121,63
20170930122,28
20170930123,10
20170930124,9
20170930131,62
20170930132,28
20170930133,10
20170930134,9
20170930141,62
20170930142,28
20170930143,10
20170930144,9
20170930151,61
20170930152,28
20170930153,10
20170930154,9
20170930161,60
20170930162,28
20170930163,10
20170930164,9
20170930171,60
20170930172,28
20170930173,10
20170930174,9
20170930181,62
20170930182,28
20170930183,10
20170930184,10
20170930191,63
20170930192,28
20170930193,10
20170930194,10
20170930201,63
20170930202,28
20170930203,10
20170930204,10
20170930211,62
20170930212,28
20170930213,10
20170930214,10
20170930221,61
20170930222,28
20170930223,10
20170930224,10
20170930231,61
20170930232,28
20170930233,10
20170930234,10
20171001001,55
20171001002,27
20171001003,8
20171001004,8
20171001011,47
20171001012,23
20171001013,6
20171001014,6
20171001021,40
20171001022,20
20171001023,6
20171001024,5
20171001031,35
20171001032,17
20171001033,6
20171001034,5
20171001041,30
20171001042,15
20171001043,6
20171001044,5
20171001051,28
20171001052,15
20171001053,6
20171001054,5
20171001061,30
20171001062,16
20171001063,6
20171001064,5
20171001071,32
20171001072,17
20171001073,7
20171001074,5
20171001081,36
20171001082,18
20171001083,8
20171001084,6
20171001091,41
20171001092,20
20171001093,9
20171001094,8
20171001101,47
20171001102,24
20171001103,10
20171001104,9
20171001111,57
20171001112,27
20171001113,10
20171001114,10
20171001121,58
20171001122,28
20171001123,10
20171001124,10
20171001131,59
20171001132,28
20171001133,10
20171001134,10
20171001141,60
20171001142,28
20171001143,10
20171001144,10
20171001151,59
20171001152,28
20171001153,10
20171001154,10
20171001161,59
20171001162,28
20171001163,10
20171001164,10
20171001171,59
20171001172,28
20171001173,10
20171001174,10
20171001181,60
20171001182,28
20171001183,10
20171001184,10
20171001191,60
20171001192,28
20171001193,10
20171001194,10
20171001201,60
20171001202,28
20171001203,10
20171001204,10
20171001211,60
20171001212,28
20171001213,10
20171001214,10
20171001221,59
20171001222,28
20171001223,10
20171001224,10
20171001231,59
20171001232,28
20171001233,10
20171001234,10
20171002001,53
20171002002,27
20171002003,8
20171002004,8
20171002011,46
20171002012,24
20171002013,6
20171002014,6
20171002021,40
20171002022,21
20171002023,6
20171002024,5
20171002031,35
20171002032,18
20171002033,6
20171002034,5
20171002041,31
20171002042,15
20171002043,6
20171002044,5
20171002051,32
20171002052,16
20171002053,6
20171002054,5
20171002061,37
20171002062,18
20171002063,6
20171002064,5
20171002071,40
20171002072,20
20171002073,7
20171002074,5
20171002081,47
20171002082,22
20171002083,8
20171002084,6
20171002091,54
20171002092,25
20171002093,9
20171002094,8
20171002101,68
20171002102,28
20171002103,10
20171002104,10
20171002111,78
20171002112,30
20171002113,11
20171002114,11
20171002121,77
20171002122,30
20171002123,12
20171002124,11
20171002131,74
20171002132,29
20171002133,13
20171002134,11
20171002141,73
20171002142,29
20171002143,13
20171002144,11
20171002151,72
20171002152,29
20171002153,14
20171002154,11
20171002161,72
20171002162,29
20171002163,14
20171002164,11
20171002171,72
20171002172,29
20171002173,14
20171002174,11
20171002181,72
20171002182,29
20171002183,14
20171002184,11
20171002191,72
20171002192,29
20171002193,14
20171002194,11
20171002201,71
20171002202,29
20171002203,14
20171002204,11
20171002211,69
20171002212,29
20171002213,14
20171002214,11
20171002221,67
20171002222,29
20171002223,14
20171002224,11
20171002231,66
20171002232,29
20171002233,14
20171002234,11
20171003001,61
20171003002,28
20171003003,10
20171003004,9
20171003011,52
20171003012,25
20171003013,8
20171003014,6
20171003021,45
20171003022,22
20171003023,6
20171003024,5
20171003031,38
20171003032,18
20171003033,6
20171003034,5
20171003041,34
20171003042,15
20171003043,6
20171003044,5
20171003051,32
20171003052,16
20171003053,6
20171003054,5
20171003061,38
20171003062,17
20171003063,6
20171003064,5
20171003071,43
20171003072,20
20171003073,7
20171003074,6
20171003081,48
20171003082,23
20171003083,8
20171003084,6
20171003091,57
20171003092,26
20171003093,9
20171003094,8
20171003101,73
20171003102,28
20171003103,10
20171003104,9
20171003111,77
20171003112,30
20171003113,12
20171003114,10
20171003121,77
20171003122,30
20171003123,13
20171003124,10
20171003131,74
20171003132,29
20171003133,14
20171003134,10
20171003141,73
20171003142,29
20171003143,14
20171003144,10
20171003151,72
20171003152,29
20171003153,14
20171003154,10
20171003161,72
20171003162,29
20171003163,14
20171003164,10
20171003171,72
20171003172,29
20171003173,14
20171003174,10
20171003181,72
20171003182,29
20171003183,14
20171003184,10
20171003191,72
20171003192,29
20171003193,14
20171003194,10
20171003201,70
20171003202,29
20171003203,14
20171003204,10
20171003211,67
20171003212,29
20171003213,14
20171003214,10
20171003221,67
20171003222,29
20171003223,14
20171003224,10
20171003231,67
20171003232,29
20171003233,14
20171003234,10
20171004001,62
20171004002,28
20171004003,11
20171004004,8
20171004011,53
20171004012,25
20171004013,8
20171004014,6
20171004021,45
20171004022,22
20171004023,6
20171004024,5
20171004031,38
20171004032,18
20171004033,6
20171004034,5
20171004041,34
20171004042,15
20171004043,6
20171004044,5
20171004051,32
20171004052,15
20171004053,6
20171004054,5
20171004061,37
20171004062,17
20171004063,6
20171004064,5
20171004071,41
20171004072,20
20171004073,7
20171004074,5
20171004081,47
20171004082,23
20171004083,8
20171004084,6
20171004091,58
20171004092,26
20171004093,9
20171004094,8
20171004101,71
20171004102,28
20171004103,10
20171004104,9
20171004111,77
20171004112,30
20171004113,12
20171004114,10
20171004121,77
20171004122,30
20171004123,13
20171004124,10
20171004131,74
20171004132,29
20171004133,14
20171004134,10
20171004141,73
20171004142,29
20171004143,14
20171004144,10
20171004151,72
20171004152,29
20171004153,14
20171004154,10
20171004161,71
20171004162,29
20171004163,14
20171004164,10
20171004171,70
20171004172,29
20171004173,14
20171004174,10
20171004181,70
20171004182,29
20171004183,14
20171004184,10
20171004191,70
20171004192,29
20171004193,14
20171004194,10
20171004201,68
20171004202,29
20171004203,14
20171004204,10
20171004211,67
20171004212,29
20171004213,14
20171004214,10
20171004221,67
20171004222,29
20171004223,14
20171004224,10
20171004231,67
20171004232,29
20171004233,14
20171004234,10
20171005001,62
20171005002,28
20171005003,11
20171005004,8
20171005011,53
20171005012,25
20171005013,8
20171005014,6
20171005021,45
20171005022,22
20171005023,6
20171005024,5
20171005031,38
20171005032,18
20171005033,6
20171005034,5
20171005041,34
20171005042,15
20171005043,6
20171005044,5
20171005051,32
20171005052,15
20171005053,6
20171005054,5
20171005061,37
20171005062,17
20171005063,6
20171005064,5
20171005071,41
20171005072,20
20171005073,7
20171005074,5
20171005081,47
20171005082,23
20171005083,8
20171005084,6
20171005091,58
20171005092,26
20171005093,9
20171005094,8
20171005101,71
20171005102,28
20171005103,10
20171005104,9
20171005111,77
20171005112,30
20171005113,12
20171005114,10
20171005121,77
20171005122,30
20171005123,13
20171005124,10
20171005131,74
20171005132,29
20171005133,14
20171005134,10
20171005141,73
20171005142,29
20171005143,14
20171005144,10
20171005151,72
20171005152,29
20171005153,14
20171005154,10
20171005161,71
20171005162,29
20171005163,14
20171005164,10
20171005171,69
20171005172,29
20171005173,14
20171005174,10
20171005181,68
20171005182,29
20171005183,14
20171005184,10
20171005191,68
20171005192,29
20171005193,14
20171005194,10
20171005201,67
20171005202,29
20171005203,14
20171005204,10
20171005211,67
20171005212,29
20171005213,14
20171005214,10
20171005221,67
20171005222,29
20171005223,14
20171005224,10
20171005231,67
20171005232,29
20171005233,14
20171005234,10
20171006001,62
20171006002,28
20171006003,11
20171006004,8
20171006011,53
20171006012,25
20171006013,8
20171006014,6
20171006021,45
20171006022,21
20171006023,6
20171006024,5
20171006031,38
20171006032,17
20171006033,6
20171006034,5
20171006041,34
20171006042,15
20171006043,6
20171006044,5
20171006051,31
20171006052,15
20171006053,6
20171006054,5
20171006061,33
20171006062,17
20171006063,6
20171006064,5
20171006071,38
20171006072,19
20171006073,7
20171006074,5
20171006081,44
20171006082,22
20171006083,8
20171006084,6
20171006091,49
20171006092,24
20171006093,9
20171006094,8
20171006101,60
20171006102,27
20171006103,10
20171006104,9
20171006111,69
20171006112,29
20171006113,12
20171006114,10
20171006121,70
20171006122,28
20171006123,13
20171006124,10
20171006131,66
20171006132,28
20171006133,13
20171006134,10
20171006141,68
20171006142,28
20171006143,13
20171006144,10
20171006151,68
20171006152,28
20171006153,13
20171006154,10
20171006161,68
20171006162,28
20171006163,13
20171006164,10
20171006171,68
20171006172,28
20171006173,13
20171006174,10
20171006181,68
20171006182,28
20171006183,13
20171006184,10
20171006191,68
20171006192,28
20171006193,13
20171006194,10
20171006201,67
20171006202,28
20171006203,13
20171006204,10
20171006211,67
20171006212,28
20171006213,13
20171006214,10
20171006221,67
20171006222,28
20171006223,13
20171006224,10
20171006231,67
20171006232,28
20171006233,13
20171006234,10
20171007001,60
20171007002,27
20171007003,11
20171007004,8
20171007011,52
20171007012,24
20171007013,8
20171007014,6
20171007021,44
20171007022,20
20171007023,6
20171007024,5
20171007031,37
20171007032,17
20171007033,6
20171007034,5
20171007041,32
20171007042,15
20171007043,6
20171007044,5
20171007051,29
20171007052,15
20171007053,6
20171007054,5
20171007061,31
20171007062,16
20171007063,6
20171007064,5
20171007071,32
20171007072,18
20171007073,7
20171007074,5
20171007081,36
20171007082,19
20171007083,8
20171007084,6
20171007091,41
20171007092,22
20171007093,9
20171007094,8
20171007101,47
20171007102,25
20171007103,10
20171007104,9
20171007111,57
20171007112,27
20171007113,11
20171007114,10
20171007121,59
20171007122,28
20171007123,11
20171007124,10
20171007131,59
20171007132,28
20171007133,11
20171007134,10
20171007141,59
20171007142,28
20171007143,11
20171007144,10
20171007151,59
20171007152,28
20171007153,11
20171007154,10
20171007161,59
20171007162,28
20171007163,11
20171007164,10
20171007171,59
20171007172,28
20171007173,11
20171007174,10
20171007181,61
20171007182,28
20171007183,11
20171007184,10
20171007191,62
20171007192,28
20171007193,11
20171007194,10
20171007201,62
20171007202,28
20171007203,11
20171007204,10
20171007211,61
20171007212,28
20171007213,11
20171007214,10
20171007221,60
20171007222,28
20171007223,11
20171007224,10
20171007231,60
20171007232,28
20171007233,11
20171007234,10
20171008001,54
20171008002,27
20171008003,9
20171008004,8
20171008011,46
20171008012,23
20171008013,7
20171008014,6
20171008021,39
20171008022,20
20171008023,6
20171008024,5
20171008031,34
20171008032,17
20171008033,6
20171008034,5
20171008041,29
20171008042,15
20171008043,6
20171008044,5
20171008051,27
20171008052,15
20171008053,6
20171008054,5
20171008061,29
20171008062,16
20171008063,6
20171008064,5
20171008071,32
20171008072,17
20171008073,7
20171008074,5
20171008081,36
20171008082,18
20171008083,8
20171008084,6
20171008091,41
20171008092,20
20171008093,9
20171008094,8
20171008101,47
20171008102,24
20171008103,10
20171008104,9
20171008111,57
20171008112,26
20171008113,10
20171008114,10
20171008121,58
20171008122,27
20171008123,10
20171008124,10
20171008131,58
20171008132,28
20171008133,10
20171008134,10
20171008141,58
20171008142,28
20171008143,10
20171008144,10
20171008151,58
20171008152,28
20171008153,10
20171008154,10
20171008161,58
20171008162,28
20171008163,10
20171008164,10
20171008171,58
20171008172,28
20171008173,10
20171008174,10
20171008181,59
20171008182,28
20171008183,10
20171008184,10
20171008191,60
20171008192,28
20171008193,10
20171008194,10
20171008201,60
20171008202,28
20171008203,10
20171008204,10
20171008211,60
20171008212,28
20171008213,10
20171008214,10
20171008221,59
20171008222,28
20171008223,10
20171008224,10
20171008231,59
20171008232,28
20171008233,10
20171008234,10
20171009001,53
20171009002,27
20171009003,8
20171009004,8
20171009011,45
20171009012,24
20171009013,6
20171009014,6
20171009021,39
20171009022,21
20171009023,6
20171009024,5
20171009031,34
20171009032,18
20171009033,6
20171009034,5
20171009041,30
20171009042,16
20171009043,6
20171009044,5
20171009051,31
20171009052,17
20171009053,6
20171009054,5
20171009061,33
20171009062,18
20171009063,6
20171009064,5
20171009071,38
20171009072,20
20171009073,7
20171009074,5
20171009081,47
20171009082,22
20171009083,8
20171009084,6
20171009091,54
20171009092,25
20171009093,9
20171009094,8
20171009101,68
20171009102,28
20171009103,10
20171009104,10
20171009111,77
20171009112,30
20171009113,11
20171009114,11
20171009121,76
20171009122,30
20171009123,12
20171009124,11
20171009131,74
20171009132,29
20171009133,12
20171009134,11
20171009141,73
20171009142,29
20171009143,13
20171009144,11
20171009151,72
20171009152,29
20171009153,13
20171009154,11
20171009161,72
20171009162,29
20171009163,13
20171009164,11
20171009171,72
20171009172,29
20171009173,13
20171009174,11
20171009181,72
20171009182,29
20171009183,13
20171009184,11
20171009191,72
20171009192,29
20171009193,13
20171009194,11
20171009201,71
20171009202,29
20171009203,13
20171009204,11
20171009211,68
20171009212,29
20171009213,13
20171009214,11
20171009221,67
20171009222,29
20171009223,13
20171009224,11
20171009231,66
20171009232,29
20171009233,13
20171009234,11
20171010001,61
20171010002,28
20171010003,9
20171010004,9
20171010011,52
20171010012,25
20171010013,7
20171010014,6
20171010021,45
20171010022,22
20171010023,6
20171010024,5
20171010031,38
20171010032,18
20171010033,6
20171010034,5
20171010041,34
20171010042,16
20171010043,6
20171010044,5
20171010051,32
20171010052,16
20171010053,6
20171010054,5
20171010061,37
20171010062,17
20171010063,6
20171010064,5
20171010071,41
20171010072,20
20171010073,7
20171010074,6
20171010081,47
20171010082,23
20171010083,8
20171010084,6
20171010091,57
20171010092,26
20171010093,9
20171010094,8
20171010101,73
20171010102,28
20171010103,10
20171010104,9
20171010111,76
20171010112,30
20171010113,12
20171010114,10
20171010121,76
20171010122,30
20171010123,12
20171010124,10
20171010131,74
20171010132,29
20171010133,12
20171010134,10
20171010141,73
20171010142,29
20171010143,13
20171010144,10
20171010151,72
20171010152,29
20171010153,13
20171010154,10
20171010161,71
20171010162,29
20171010163,13
20171010164,10
20171010171,70
20171010172,29
20171010173,13
20171010174,10
20171010181,70
20171010182,29
20171010183,13
20171010184,10
20171010191,70
20171010192,29
20171010193,13
20171010194,10
20171010201,68
20171010202,29
20171010203,13
20171010204,10
20171010211,67
20171010212,29
20171010213,13
20171010214,10
20171010221,67
20171010222,29
20171010223,13
20171010224,10
20171010231,67
20171010232,29
20171010233,13
20171010234,10
20171011001,62
20171011002,28
20171011003,10
20171011004,8
20171011011,53
20171011012,25
20171011013,8
20171011014,6
20171011021,45
20171011022,22
20171011023,6
20171011024,5
20171011031,38
20171011032,18
20171011033,6
20171011034,5
20171011041,34
20171011042,16
20171011043,6
20171011044,5
20171011051,32
20171011052,16
20171011053,6
20171011054,5
20171011061,37
20171011062,17
20171011063,6
20171011064,5
20171011071,41
20171011072,20
20171011073,7
20171011074,5
20171011081,47
20171011082,23
20171011083,8
20171011084,6
20171011091,58
20171011092,26
20171011093,9
20171011094,8
20171011101,72
20171011102,28
20171011103,10
20171011104,9
20171011111,77
20171011112,30
20171011113,12
20171011114,10
20171011121,76
20171011122,30
20171011123,12
20171011124,10
20171011131,74
20171011132,29
20171011133,12
20171011134,10
20171011141,73
20171011142,29
20171011143,13
20171011144,10
20171011151,72
20171011152,29
20171011153,13
20171011154,10
20171011161,71
20171011162,29
20171011163,13
20171011164,10
20171011171,69
20171011172,29
20171011173,13
20171011174,10
20171011181,68
20171011182,29
20171011183,13
20171011184,10
20171011191,68
20171011192,29
20171011193,13
20171011194,10
20171011201,67
20171011202,29
20171011203,13
20171011204,10
20171011211,67
20171011212,29
20171011213,13
20171011214,10
20171011221,67
20171011222,29
20171011223,13
20171011224,10
20171011231,67
20171011232,29
20171011233,13
20171011234,10
20171012001,62
20171012002,28
20171012003,11
20171012004,8
20171012011,53
20171012012,25
20171012013,8
20171012014,6
20171012021,45
20171012022,22
20171012023,6
20171012024,5
20171012031,38
20171012032,18
20171012033,6
20171012034,5
20171012041,34
20171012042,16
20171012043,6
20171012044,5
20171012051,31
20171012052,16
20171012053,6
20171012054,5
20171012061,34
20171012062,17
20171012063,6
20171012064,5
20171012071,39
20171012072,20
20171012073,7
20171012074,5
20171012081,45
20171012082,23
20171012083,8
20171012084,6
20171012091,56
20171012092,26
20171012093,9
20171012094,8
20171012101,66
20171012102,28
20171012103,10
20171012104,9
20171012111,72
20171012112,30
20171012113,12
20171012114,10
20171012121,73
20171012122,30
20171012123,12
20171012124,10
20171012131,71
20171012132,29
20171012133,12
20171012134,10
20171012141,70
20171012142,29
20171012143,12
20171012144,10
20171012151,69
20171012152,29
20171012153,12
20171012154,10
20171012161,68
20171012162,29
20171012163,12
20171012164,10
20171012171,68
20171012172,29
20171012173,12
20171012174,10
20171012181,68
20171012182,29
20171012183,12
20171012184,10
20171012191,68
20171012192,29
20171012193,12
20171012194,10
20171012201,67
20171012202,29
20171012203,12
20171012204,10
20171012211,67
20171012212,29
20171012213,12
20171012214,10
20171012221,67
20171012222,29
20171012223,12
20171012224,10
20171012231,66
20171012232,29
20171012233,12
20171012234,10
20171013001,60
20171013002,28
20171013003,10
20171013004,8
20171013011,52
20171013012,25
20171013013,8
20171013014,6
20171013021,45
20171013022,21
20171013023,6
20171013024,5
20171013031,38
20171013032,17
20171013033,6
20171013034,5
20171013041,34
20171013042,15
20171013043,6
20171013044,5
20171013051,31
20171013052,15
20171013053,6
20171013054,5
20171013061,33
20171013062,17
20171013063,6
20171013064,5
20171013071,38
20171013072,19
20171013073,7
20171013074,5
20171013081,44
20171013082,22
20171013083,8
20171013084,6
20171013091,49
20171013092,24
20171013093,9
20171013094,8
20171013101,60
20171013102,27
20171013103,10
20171013104,9
20171013111,70
20171013112,29
20171013113,11
20171013114,10
20171013121,68
20171013122,28
20171013123,11
20171013124,10
20171013131,65
20171013132,28
20171013133,11
20171013134,10
20171013141,68
20171013142,28
20171013143,11
20171013144,10
20171013151,68
20171013152,28
20171013153,11
20171013154,10
20171013161,68
20171013162,28
20171013163,11
20171013164,10
20171013171,68
20171013172,28
20171013173,11
20171013174,10
20171013181,68
20171013182,28
20171013183,11
20171013184,10
20171013191,68
20171013192,28
20171013193,11
20171013194,10
20171013201,67
20171013202,28
20171013203,11
20171013204,10
20171013211,67
20171013212,28
20171013213,11
20171013214,10
20171013221,67
20171013222,28
20171013223,11
20171013224,10
20171013231,66
20171013232,28
20171013233,11
20171013234,10
20171014001,59
20171014002,27
20171014003,9
20171014004,8
20171014011,51
20171014012,24
20171014013,7
20171014014,6
20171014021,44
20171014022,20
20171014023,6
20171014024,5
20171014031,37
20171014032,17
20171014033,6
20171014034,5
20171014041,32
20171014042,15
20171014043,6
20171014044,5
20171014051,29
20171014052,15
20171014053,6
20171014054,5
20171014061,31
20171014062,16
20171014063,6
20171014064,5
20171014071,32
20171014072,18
20171014073,7
20171014074,5
20171014081,36
20171014082,19
20171014083,8
20171014084,6
20171014091,41
20171014092,22
20171014093,9
20171014094,8
20171014101,47
20171014102,25
20171014103,10
20171014104,9
20171014111,57
20171014112,27
20171014113,10
20171014114,10
20171014121,58
20171014122,28
20171014123,10
20171014124,10
20171014131,58
20171014132,28
20171014133,10
20171014134,10
20171014141,59
20171014142,28
20171014143,10
20171014144,10
20171014151,59
20171014152,28
20171014153,10
20171014154,10
20171014161,59
20171014162,28
20171014163,10
20171014164,10
20171014171,59
20171014172,28
20171014173,10
20171014174,10
20171014181,60
20171014182,28
20171014183,10
20171014184,10
20171014191,62
20171014192,28
20171014193,10
20171014194,10
20171014201,62
20171014202,28
20171014203,10
20171014204,10
20171014211,61
20171014212,28
20171014213,10
20171014214,10
20171014221,60
20171014222,28
20171014223,10
20171014224,10
20171014231,60
20171014232,28
20171014233,10
20171014234,10
20171015001,54
20171015002,26
20171015003,8
20171015004,8
20171015011,46
20171015012,22
20171015013,6
20171015014,6
20171015021,39
20171015022,18
20171015023,6
20171015024,5
20171015031,34
20171015032,15
20171015033,6
20171015034,5
20171015041,29
20171015042,14
20171015043,6
20171015044,5
20171015051,27
20171015052,13
20171015053,6
20171015054,5
20171015061,29
20171015062,14
20171015063,6
20171015064,5
20171015071,32
20171015072,15
20171015073,7
20171015074,5
20171015081,36
20171015082,18
20171015083,8
20171015084,6
20171015091,41
20171015092,20
20171015093,9
20171015094,8
20171015101,47
20171015102,24
20171015103,10
20171015104,9
20171015111,57
20171015112,26
20171015113,10
20171015114,10
20171015121,57
20171015122,27
20171015123,10
20171015124,10
20171015131,56
20171015132,28
20171015133,10
20171015134,10
20171015141,56
20171015142,27
20171015143,10
20171015144,10
20171015151,56
20171015152,28
20171015153,10
20171015154,10
20171015161,56
20171015162,27
20171015163,10
20171015164,10
20171015171,56
20171015172,28
20171015173,10
20171015174,10
20171015181,57
20171015182,28
20171015183,10
20171015184,10
20171015191,58
20171015192,28
20171015193,10
20171015194,10
20171015201,59
20171015202,28
20171015203,10
20171015204,10
20171015211,59
20171015212,27
20171015213,10
20171015214,10
20171015221,59
20171015222,28
20171015223,10
20171015224,10
20171015231,59
20171015232,27
20171015233,10
20171015234,10
20171016001,53
20171016002,26
20171016003,8
20171016004,8
20171016011,45
20171016012,22
20171016013,6
20171016014,6
20171016021,39
20171016022,18
20171016023,6
20171016024,5
20171016031,34
20171016032,16
20171016033,6
20171016034,5
20171016041,30
20171016042,15
20171016043,6
20171016044,5
20171016051,31
20171016052,15
20171016053,6
20171016054,5
20171016061,33
20171016062,16
20171016063,6
20171016064,5
20171016071,38
20171016072,19
20171016073,7
20171016074,5
20171016081,47
20171016082,21
20171016083,8
20171016084,6
20171016091,54
20171016092,24
20171016093,9
20171016094,8
20171016101,68
20171016102,28
20171016103,10
20171016104,10
20171016111,78
20171016112,31
20171016113,11
20171016114,11
20171016121,78
20171016122,30
20171016123,12
20171016124,11
20171016131,77
20171016132,29
20171016133,12
20171016134,11
20171016141,76
20171016142,29
20171016143,13
20171016144,11
20171016151,75
20171016152,29
20171016153,13
20171016154,11
20171016161,74
20171016162,28
20171016163,13
20171016164,11
20171016171,73
20171016172,28
20171016173,13
20171016174,11
20171016181,73
20171016182,28
20171016183,13
20171016184,11
20171016191,73
20171016192,28
20171016193,13
20171016194,11
20171016201,72
20171016202,28
20171016203,13
20171016204,11
20171016211,70
20171016212,28
20171016213,13
20171016214,11
20171016221,67
20171016222,28
20171016223,13
20171016224,11
20171016231,66
20171016232,28
20171016233,13
20171016234,11
20171017001,61
20171017002,27
20171017003,9
20171017004,9
20171017011,52
20171017012,24
20171017013,7
20171017014,6
20171017021,45
20171017022,21
20171017023,6
20171017024,5
20171017031,38
20171017032,18
20171017033,6
20171017034,5
20171017041,34
20171017042,15
20171017043,6
20171017044,5
20171017051,32
20171017052,15
20171017053,6
20171017054,5
20171017061,37
20171017062,17
20171017063,6
20171017064,5
20171017071,41
20171017072,19
20171017073,7
20171017074,6
20171017081,47
20171017082,22
20171017083,8
20171017084,6
20171017091,57
20171017092,24
20171017093,9
20171017094,8
20171017101,74
20171017102,27
20171017103,10
20171017104,9
20171017111,77
20171017112,30
20171017113,12
20171017114,10
20171017121,76
20171017122,29
20171017123,12
20171017124,10
20171017131,75
20171017132,28
20171017133,12
20171017134,10
20171017141,74
20171017142,28
20171017143,12
20171017144,10
20171017151,73
20171017152,28
20171017153,12
20171017154,10
20171017161,72
20171017162,28
20171017163,12
20171017164,10
20171017171,72
20171017172,28
20171017173,12
20171017174,10
20171017181,72
20171017182,28
20171017183,12
20171017184,10
20171017191,73
20171017192,28
20171017193,12
20171017194,10
20171017201,72
20171017202,28
20171017203,12
20171017204,10
20171017211,69
20171017212,28
20171017213,12
20171017214,10
20171017221,67
20171017222,28
20171017223,12
20171017224,10
20171017231,67
20171017232,28
20171017233,12
20171017234,10
20171018001,62
20171018002,28
20171018003,9
20171018004,8
20171018011,53
20171018012,25
20171018013,7
20171018014,6
20171018021,45
20171018022,22
20171018023,6
20171018024,5
20171018031,38
20171018032,18
20171018033,6
20171018034,5
20171018041,34
20171018042,15
20171018043,6
20171018044,5
20171018051,32
20171018052,15
20171018053,6
20171018054,5
20171018061,37
20171018062,17
20171018063,6
20171018064,5
20171018071,41
20171018072,19
20171018073,7
20171018074,5
20171018081,47
20171018082,22
20171018083,8
20171018084,6
20171018091,58
20171018092,24
20171018093,9
20171018094,8
20171018101,71
20171018102,27
20171018103,10
20171018104,9
20171018111,75
20171018112,29
20171018113,11
20171018114,10
20171018121,75
20171018122,28
20171018123,11
20171018124,10
20171018131,73
20171018132,28
20171018133,11
20171018134,10
20171018141,72
20171018142,28
20171018143,11
20171018144,10
20171018151,71
20171018152,28
20171018153,11
20171018154,10
20171018161,70
20171018162,28
20171018163,11
20171018164,10
20171018171,69
20171018172,28
20171018173,11
20171018174,10
20171018181,70
20171018182,28
20171018183,11
20171018184,10
20171018191,71
20171018192,28
20171018193,11
20171018194,10
20171018201,70
20171018202,28
20171018203,11
20171018204,10
20171018211,67
20171018212,28
20171018213,11
20171018214,10
20171018221,67
20171018222,28
20171018223,11
20171018224,10
20171018231,67
20171018232,28
20171018233,11
20171018234,10
20171019001,62
20171019002,28
20171019003,9
20171019004,8
20171019011,53
20171019012,26
20171019013,7
20171019014,6
20171019021,45
20171019022,22
20171019023,6
20171019024,5
20171019031,38
20171019032,18
20171019033,6
20171019034,5
20171019041,34
20171019042,15
20171019043,6
20171019044,5
20171019051,32
20171019052,15
20171019053,6
20171019054,5
20171019061,37
20171019062,17
20171019063,6
20171019064,5
20171019071,41
20171019072,19
20171019073,7
20171019074,5
20171019081,47
20171019082,22
20171019083,8
20171019084,6
20171019091,58
20171019092,24
20171019093,9
20171019094,8
20171019101,72
20171019102,27
20171019103,10
20171019104,9
20171019111,76
20171019112,29
20171019113,11
20171019114,10
20171019121,75
20171019122,28
20171019123,11
20171019124,10
20171019131,73
20171019132,28
20171019133,11
20171019134,10
20171019141,72
20171019142,28
20171019143,11
20171019144,10
20171019151,71
20171019152,28
20171019153,11
20171019154,10
20171019161,69
20171019162,28
20171019163,11
20171019164,10
20171019171,68
20171019172,28
20171019173,11
20171019174,10
20171019181,68
20171019182,28
20171019183,11
20171019184,10
20171019191,69
20171019192,28
20171019193,11
20171019194,10
20171019201,67
20171019202,28
20171019203,11
20171019204,10
20171019211,67
20171019212,28
20171019213,11
20171019214,10
20171019221,67
20171019222,28
20171019223,11
20171019224,10
20171019231,67
20171019232,28
20171019233,11
20171019234,10
20171020001,61
20171020002,28
20171020003,9
20171020004,8
20171020011,53
20171020012,25
20171020013,7
20171020014,6
20171020021,45
20171020022,21
20171020023,6
20171020024,5
20171020031,38
20171020032,17
20171020033,6
20171020034,5
20171020041,34
20171020042,15
20171020043,6
20171020044,5
20171020051,31
20171020052,15
20171020053,6
20171020054,5
20171020061,33
20171020062,17
20171020063,6
20171020064,5
20171020071,38
20171020072,19
20171020073,7
20171020074,5
20171020081,44
20171020082,22
20171020083,8
20171020084,6
20171020091,49
20171020092,24
20171020093,9
20171020094,8
20171020101,60
20171020102,27
20171020103,10
20171020104,9
20171020111,70
20171020112,29
20171020113,11
20171020114,10
20171020121,69
20171020122,28
20171020123,11
20171020124,10
20171020131,66
20171020132,28
20171020133,11
20171020134,10
20171020141,68
20171020142,28
20171020143,11
20171020144,10
20171020151,68
20171020152,28
20171020153,11
20171020154,10
20171020161,68
20171020162,28
20171020163,11
20171020164,10
20171020171,68
20171020172,28
20171020173,11
20171020174,10
20171020181,68
20171020182,28
20171020183,11
20171020184,10
20171020191,68
20171020192,28
20171020193,11
20171020194,10
20171020201,67
20171020202,28
20171020203,11
20171020204,10
20171020211,67
20171020212,28
20171020213,11
20171020214,10
20171020221,67
20171020222,28
20171020223,11
20171020224,10
20171020231,67
20171020232,28
20171020233,11
20171020234,10
20171021001,60
20171021002,27
20171021003,9
20171021004,8
20171021011,52
20171021012,24
20171021013,7
20171021014,6
20171021021,44
20171021022,20
20171021023,6
20171021024,5
20171021031,37
20171021032,17
20171021033,6
20171021034,5
20171021041,32
20171021042,15
20171021043,6
20171021044,5
20171021051,29
20171021052,15
20171021053,6
20171021054,5
20171021061,31
20171021062,16
20171021063,6
20171021064,5
20171021071,32
20171021072,18
20171021073,7
20171021074,5
20171021081,36
20171021082,19
20171021083,8
20171021084,6
20171021091,41
20171021092,22
20171021093,9
20171021094,8
20171021101,47
20171021102,25
20171021103,10
20171021104,9
20171021111,58
20171021112,27
20171021113,10
20171021114,10
20171021121,60
20171021122,28
20171021123,10
20171021124,10
20171021131,60
20171021132,28
20171021133,10
20171021134,10
20171021141,60
20171021142,28
20171021143,10
20171021144,10
20171021151,59
20171021152,28
20171021153,10
20171021154,10
20171021161,59
20171021162,28
20171021163,10
20171021164,10
20171021171,59
20171021172,28
20171021173,10
20171021174,10
20171021181,61
20171021182,28
20171021183,10
20171021184,10
20171021191,62
20171021192,28
20171021193,10
20171021194,10
20171021201,62
20171021202,28
20171021203,10
20171021204,10
20171021211,61
20171021212,28
20171021213,10
20171021214,10
20171021221,60
20171021222,28
20171021223,10
20171021224,10
20171021231,60
20171021232,28
20171021233,10
20171021234,10
20171022001,55
20171022002,27
20171022003,8
20171022004,8
20171022011,46
20171022012,23
20171022013,6
20171022014,6
20171022021,40
20171022022,20
20171022023,6
20171022024,5
20171022031,35
20171022032,17
20171022033,6
20171022034,5
20171022041,30
20171022042,15
20171022043,6
20171022044,5
20171022051,28
20171022052,15
20171022053,6
20171022054,5
20171022061,30
20171022062,16
20171022063,6
20171022064,5
20171022071,32
20171022072,17
20171022073,7
20171022074,5
20171022081,36
20171022082,18
20171022083,8
20171022084,6
20171022091,41
20171022092,20
20171022093,9
20171022094,8
20171022101,47
20171022102,24
20171022103,10
20171022104,9
20171022111,58
20171022112,26
20171022113,10
20171022114,10
20171022121,59
20171022122,27
20171022123,10
20171022124,10
20171022131,59
20171022132,28
20171022133,10
20171022134,10
20171022141,59
20171022142,28
20171022143,10
20171022144,10
20171022151,58
20171022152,28
20171022153,10
20171022154,10
20171022161,58
20171022162,28
20171022163,10
20171022164,10
20171022171,58
20171022172,28
20171022173,10
20171022174,10
20171022181,59
20171022182,28
20171022183,10
20171022184,10
20171022191,60
20171022192,28
20171022193,10
20171022194,10
20171022201,60
20171022202,28
20171022203,10
20171022204,10
20171022211,60
20171022212,28
20171022213,10
20171022214,10
20171022221,59
20171022222,28
20171022223,10
20171022224,10
20171022231,59
20171022232,28
20171022233,10
20171022234,10
20171023001,53
20171023002,27
20171023003,8
20171023004,8
20171023011,45
20171023012,24
20171023013,6
20171023014,6
20171023021,39
20171023022,21
20171023023,6
20171023024,5
20171023031,34
20171023032,18
20171023033,6
20171023034,5
20171023041,30
20171023042,16
20171023043,6
20171023044,5
20171023051,31
20171023052,17
20171023053,6
20171023054,5
20171023061,33
20171023062,18
20171023063,6
20171023064,5
20171023071,38
20171023072,20
20171023073,7
20171023074,5
20171023081,47
20171023082,22
20171023083,8
20171023084,6
20171023091,54
20171023092,25
20171023093,9
20171023094,8
20171023101,68
20171023102,28
20171023103,10
20171023104,10
20171023111,79
20171023112,31
20171023113,11
20171023114,11
20171023121,78
20171023122,30
20171023123,12
20171023124,11
20171023131,77
20171023132,29
20171023133,12
20171023134,11
20171023141,75
20171023142,29
20171023143,13
20171023144,11
20171023151,74
20171023152,29
20171023153,13
20171023154,11
20171023161,73
20171023162,29
20171023163,13
20171023164,11
20171023171,72
20171023172,29
20171023173,13
20171023174,11
20171023181,72
20171023182,29
20171023183,13
20171023184,11
20171023191,72
20171023192,29
20171023193,13
20171023194,11
20171023201,71
20171023202,29
20171023203,13
20171023204,11
20171023211,69
20171023212,29
20171023213,13
20171023214,11
20171023221,67
20171023222,29
20171023223,13
20171023224,11
20171023231,66
20171023232,29
20171023233,13
20171023234,11
20171024001,61
20171024002,28
20171024003,9
20171024004,9
20171024011,52
20171024012,26
20171024013,7
20171024014,6
20171024021,45
20171024022,22
20171024023,6
20171024024,5
20171024031,38
20171024032,18
20171024033,6
20171024034,5
20171024041,34
20171024042,16
20171024043,6
20171024044,5
20171024051,32
20171024052,16
20171024053,6
20171024054,5
20171024061,37
20171024062,17
20171024063,6
20171024064,5
20171024071,40
20171024072,20
20171024073,7
20171024074,6
20171024081,47
20171024082,23
20171024083,8
20171024084,6
20171024091,58
20171024092,26
20171024093,9
20171024094,8
20171024101,73
20171024102,28
20171024103,10
20171024104,9
20171024111,76
20171024112,31
20171024113,12
20171024114,10
20171024121,75
20171024122,30
20171024123,12
20171024124,11
20171024131,74
20171024132,29
20171024133,12
20171024134,11
20171024141,73
20171024142,29
20171024143,12
20171024144,11
20171024151,72
20171024152,29
20171024153,12
20171024154,11
20171024161,71
20171024162,29
20171024163,12
20171024164,11
20171024171,70
20171024172,29
20171024173,12
20171024174,11
20171024181,70
20171024182,29
20171024183,12
20171024184,11
20171024191,70
20171024192,29
20171024193,12
20171024194,11
20171024201,69
20171024202,29
20171024203,12
20171024204,11
20171024211,67
20171024212,29
20171024213,12
20171024214,11
20171024221,67
20171024222,29
20171024223,12
20171024224,11
20171024231,67
20171024232,29
20171024233,12
20171024234,11
20171025001,62
20171025002,28
20171025003,9
20171025004,9
20171025011,53
20171025012,25
20171025013,7
20171025014,6
20171025021,45
20171025022,22
20171025023,6
20171025024,5
20171025031,38
20171025032,18
20171025033,6
20171025034,5
20171025041,34
20171025042,16
20171025043,6
20171025044,5
20171025051,32
20171025052,16
20171025053,6
20171025054,5
20171025061,37
20171025062,17
20171025063,6
20171025064,5
20171025071,40
20171025072,20
20171025073,7
20171025074,6
20171025081,46
20171025082,23
20171025083,8
20171025084,6
20171025091,59
20171025092,26
20171025093,9
20171025094,8
20171025101,71
20171025102,28
20171025103,10
20171025104,9
20171025111,76
20171025112,31
20171025113,11
20171025114,10
20171025121,75
20171025122,30
20171025123,11
20171025124,11
20171025131,73
20171025132,29
20171025133,11
20171025134,11
20171025141,72
20171025142,29
20171025143,11
20171025144,11
20171025151,71
20171025152,29
20171025153,11
20171025154,11
20171025161,69
20171025162,29
20171025163,11
20171025164,11
20171025171,68
20171025172,29
20171025173,11
20171025174,11
20171025181,68
20171025182,29
20171025183,11
20171025184,11
20171025191,68
20171025192,29
20171025193,11
20171025194,11
20171025201,67
20171025202,29
20171025203,11
20171025204,11
20171025211,67
20171025212,29
20171025213,11
20171025214,11
20171025221,67
20171025222,29
20171025223,11
20171025224,11
20171025231,67
20171025232,29
20171025233,11
20171025234,11
20171026001,62
20171026002,28
20171026003,9
20171026004,9
20171026011,53
20171026012,26
20171026013,7
20171026014,6
20171026021,45
20171026022,22
20171026023,6
20171026024,5
20171026031,38
20171026032,18
20171026033,6
20171026034,5
20171026041,34
20171026042,16
20171026043,6
20171026044,5
20171026051,31
20171026052,16
20171026053,6
20171026054,5
20171026061,34
20171026062,17
20171026063,6
20171026064,5
20171026071,39
20171026072,20
20171026073,7
20171026074,6
20171026081,45
20171026082,23
20171026083,8
20171026084,6
20171026091,57
20171026092,26
20171026093,9
20171026094,8
20171026101,72
20171026102,28
20171026103,10
20171026104,9
20171026111,77
20171026112,30
20171026113,11
20171026114,10
20171026121,76
20171026122,30
20171026123,11
20171026124,11
20171026131,73
20171026132,29
20171026133,11
20171026134,11
20171026141,72
20171026142,29
20171026143,11
20171026144,11
20171026151,71
20171026152,29
20171026153,11
20171026154,11
20171026161,69
20171026162,29
20171026163,11
20171026164,11
20171026171,68
20171026172,29
20171026173,11
20171026174,11
20171026181,68
20171026182,29
20171026183,11
20171026184,11
20171026191,68
20171026192,29
20171026193,11
20171026194,11
20171026201,67
20171026202,29
20171026203,11
20171026204,11
20171026211,67
20171026212,29
20171026213,11
20171026214,11
20171026221,67
20171026222,29
20171026223,11
20171026224,11
20171026231,67
20171026232,29
20171026233,11
20171026234,11
20171027001,61
20171027002,28
20171027003,9
20171027004,9
20171027011,52
20171027012,25
20171027013,7
20171027014,6
20171027021,44
20171027022,21
20171027023,6
20171027024,5
20171027031,37
20171027032,17
20171027033,6
20171027034,5
20171027041,32
20171027042,15
20171027043,6
20171027044,5
20171027051,30
20171027052,15
20171027053,6
20171027054,5
20171027061,33
20171027062,17
20171027063,6
20171027064,5
20171027071,38
20171027072,19
20171027073,7
20171027074,6
20171027081,44
20171027082,22
20171027083,8
20171027084,6
20171027091,49
20171027092,24
20171027093,9
20171027094,8
20171027101,60
20171027102,27
20171027103,10
20171027104,9
20171027111,69
20171027112,29
20171027113,11
20171027114,10
20171027121,69
20171027122,28
20171027123,11
20171027124,11
20171027131,66
20171027132,28
20171027133,11
20171027134,11
20171027141,68
20171027142,28
20171027143,11
20171027144,11
20171027151,68
20171027152,28
20171027153,11
20171027154,11
20171027161,68
20171027162,28
20171027163,11
20171027164,11
20171027171,68
20171027172,28
20171027173,11
20171027174,11
20171027181,68
20171027182,28
20171027183,11
20171027184,11
20171027191,68
20171027192,28
20171027193,11
20171027194,11
20171027201,67
20171027202,28
20171027203,11
20171027204,11
20171027211,67
20171027212,28
20171027213,11
20171027214,11
20171027221,67
20171027222,28
20171027223,11
20171027224,11
20171027231,67
20171027232,28
20171027233,11
20171027234,11
20171028001,60
20171028002,27
20171028003,9
20171028004,9
20171028011,52
20171028012,24
20171028013,7
20171028014,6
20171028021,44
20171028022,20
20171028023,6
20171028024,5
20171028031,37
20171028032,17
20171028033,6
20171028034,5
20171028041,32
20171028042,15
20171028043,6
20171028044,5
20171028051,29
20171028052,15
20171028053,6
20171028054,5
20171028061,31
20171028062,16
20171028063,6
20171028064,5
20171028071,32
20171028072,18
20171028073,7
20171028074,6
20171028081,36
20171028082,19
20171028083,8
20171028084,6
20171028091,41
20171028092,22
20171028093,9
20171028094,8
20171028101,47
20171028102,25
20171028103,10
20171028104,9
20171028111,58
20171028112,27
20171028113,10
20171028114,10
20171028121,62
20171028122,28
20171028123,10
20171028124,10
20171028131,60
20171028132,28
20171028133,10
20171028134,10
20171028141,61
20171028142,28
20171028143,10
20171028144,10
20171028151,60
20171028152,28
20171028153,10
20171028154,10
20171028161,60
20171028162,28
20171028163,10
20171028164,10
20171028171,60
20171028172,28
20171028173,10
20171028174,10
20171028181,61
20171028182,28
20171028183,10
20171028184,10
20171028191,62
20171028192,28
20171028193,10
20171028194,10
20171028201,62
20171028202,28
20171028203,10
20171028204,10
20171028211,61
20171028212,28
20171028213,10
20171028214,10
20171028221,60
20171028222,28
20171028223,10
20171028224,10
20171028231,60
20171028232,28
20171028233,10
20171028234,10
20171029001,55
20171029002,26
20171029003,8
20171029004,8
20171029011,46
20171029012,22
20171029013,6
20171029014,6
20171029021,40
20171029022,18
20171029023,6
20171029024,5
20171029031,35
20171029032,15
20171029033,6
20171029034,5
20171029041,30
20171029042,14
20171029043,6
20171029044,5
20171029051,28
20171029052,13
20171029053,6
20171029054,5
20171029061,30
20171029062,14
20171029063,6
20171029064,5
20171029071,32
20171029072,15
20171029073,7
20171029074,5
20171029081,36
20171029082,18
20171029083,8
20171029084,6
20171029091,41
20171029092,20
20171029093,9
20171029094,8
20171029101,47
20171029102,24
20171029103,10
20171029104,9
20171029111,58
20171029112,26
20171029113,10
20171029114,10
20171029121,59
20171029122,27
20171029123,10
20171029124,10
20171029131,59
20171029132,28
20171029133,10
20171029134,10
20171029141,59
20171029142,27
20171029143,10
20171029144,10
20171029151,59
20171029152,28
20171029153,10
20171029154,10
20171029161,59
20171029162,27
20171029163,10
20171029164,10
20171029171,59
20171029172,28
20171029173,10
20171029174,10
20171029181,59
20171029182,28
20171029183,10
20171029184,10
20171029191,60
20171029192,28
20171029193,10
20171029194,10
20171029201,60
20171029202,28
20171029203,10
20171029204,10
20171029211,60
20171029212,27
20171029213,10
20171029214,10
20171029221,59
20171029222,28
20171029223,10
20171029224,10
20171029231,59
20171029232,27
20171029233,10
20171029234,10
20171030001,53
20171030002,26
20171030003,8
20171030004,8
20171030011,45
20171030012,22
20171030013,6
20171030014,6
20171030021,39
20171030022,18
20171030023,6
20171030024,5
20171030031,34
20171030032,15
20171030033,6
20171030034,5
20171030041,30
20171030042,14
20171030043,6
20171030044,5
20171030051,31
20171030052,13
20171030053,6
20171030054,5
20171030061,33
20171030062,15
20171030063,6
20171030064,5
20171030071,38
20171030072,18
20171030073,7
20171030074,5
20171030081,47
20171030082,20
20171030083,8
20171030084,6
20171030091,53
20171030092,23
20171030093,9
20171030094,8
20171030101,66
20171030102,28
20171030103,10
20171030104,10
20171030111,82
20171030112,31
20171030113,11
20171030114,11
20171030121,79
20171030122,30
20171030123,12
20171030124,11
20171030131,77
20171030132,29
20171030133,12
20171030134,11
20171030141,75
20171030142,28
20171030143,12
20171030144,11
20171030151,74
20171030152,28
20171030153,13
20171030154,11
20171030161,73
20171030162,28
20171030163,13
20171030164,11
20171030171,72
20171030172,28
20171030173,13
20171030174,11
20171030181,72
20171030182,28
20171030183,13
20171030184,11
20171030191,72
20171030192,28
20171030193,13
20171030194,11
20171030201,71
20171030202,28
20171030203,13
20171030204,11
20171030211,69
20171030212,28
20171030213,13
20171030214,11
20171030221,67
20171030222,28
20171030223,13
20171030224,11
20171030231,67
20171030232,28
20171030233,13
20171030234,11
20171031001,62
20171031002,27
20171031003,9
20171031004,9
20171031011,53
20171031012,24
20171031013,7
20171031014,6
20171031021,46
20171031022,21
20171031023,6
20171031024,5
20171031031,40
20171031032,18
20171031033,6
20171031034,5
20171031041,35
20171031042,15
20171031043,6
20171031044,5
20171031051,33
20171031052,14
20171031053,6
20171031054,5
20171031061,38
20171031062,15
20171031063,6
20171031064,5
20171031071,43
20171031072,18
20171031073,7
20171031074,6
20171031081,49
20171031082,20
20171031083,8
20171031084,6
20171031091,58
20171031092,23
20171031093,9
20171031094,8
20171031101,74
20171031102,27
20171031103,10
20171031104,9
20171031111,77
20171031112,30
20171031113,12
20171031114,10
20171031121,76
20171031122,29
20171031123,12
20171031124,11
20171031131,75
20171031132,28
20171031133,12
20171031134,11
20171031141,74
20171031142,28
20171031143,12
20171031144,11
20171031151,72
20171031152,28
20171031153,12
20171031154,11
20171031161,72
20171031162,28
20171031163,12
20171031164,11
20171031171,71
20171031172,28
20171031173,12
20171031174,11
20171031181,71
20171031182,28
20171031183,12
20171031184,11
20171031191,71
20171031192,28
20171031193,12
20171031194,11
20171031201,69
20171031202,28
20171031203,12
20171031204,11
20171031211,67
20171031212,28
20171031213,12
20171031214,11
20171031221,67
20171031222,28
20171031223,12
20171031224,11
20171031231,67
20171031232,28
20171031233,12
20171031234,11
